mse,p_norm,l2_norm
0.033448506,1.4339253,1.0748451
0.03750844,1.4341004,1.138209
0.04422457,1.434305,1.2359171
0.04098441,1.434507,1.1897806
0.034285035,1.4346837,1.0882027
0.030306416,1.4348284,1.0231159
0.029667418,1.4349483,1.0122724
0.029209398,1.4350675,1.004428
0.026550226,1.4351782,0.95761645
0.022308933,1.4352779,0.87780267
0.018916285,1.4353801,0.8083053
0.018401625,1.4354824,0.7972336
0.02081638,1.4355856,0.8479302
0.024135936,1.4356965,0.9130395
0.025910953,1.4358149,0.94601756
0.025163572,1.4359461,0.93227416
0.022712568,1.4360851,0.88570815
0.020152263,1.4362304,0.8342946
0.018654881,1.4363838,0.8027009
0.018392278,1.4365429,0.7970311
0.01878082,1.4367049,0.80540586
0.01922056,1.4368701,0.81478035
0.019609895,1.4370323,0.82299113
0.020227782,1.437194,0.8358564
0.021247841,1.437354,0.8566727
0.022410795,1.4375103,0.87980443
0.023161225,1.4376633,0.89441335
0.023115315,1.4378133,0.89352643
0.0223894,1.4379607,0.87938434
0.021490674,1.438106,0.861554
0.02091604,1.43825,0.8499575
0.020810088,1.4383918,0.84780204
0.020969093,1.4385345,0.8510348
0.021125682,1.4386779,0.85420644
0.021216298,1.4388226,0.8560366
0.021376956,1.4389735,0.8592715
0.021727122,1.43913,0.8662806
0.022183463,1.4392903,0.87533075
0.022499528,1.4394536,0.8815444
0.022464653,1.4396197,0.880861
0.02208142,1.4397912,0.8733151
0.021532532,1.4399642,0.86239266
0.021022376,1.4401418,0.8521154
0.02064934,1.4403229,0.8445213
0.020418433,1.4405122,0.83978623
0.020333363,1.440709,0.8380349
0.020425927,1.4409181,0.83994025
0.020697836,1.4411358,0.8455124
0.021052461,1.441356,0.8527249
0.021316014,1.4415792,0.8580459
0.021353018,1.4418107,0.85879034
0.02116228,1.4420538,0.85494614
0.020858841,1.4423018,0.8487946
0.020583183,1.4425534,0.84316736
0.020422049,1.4428099,0.83986056
0.020399123,1.4430803,0.8393889
0.020500371,1.4433504,0.8414695
0.020702852,1.4436258,0.8456148
0.020949187,1.4439113,0.85063076
0.021149617,1.4442037,0.85469025
0.021219406,1.4445057,0.8560993
0.021133311,1.4448117,0.85436076
0.020940153,1.4451246,0.85044736
0.020724673,1.4454436,0.8460603
0.020552643,1.4457641,0.84254164
0.020448742,1.4460857,0.84040916
0.020410199,1.4464101,0.8396168
0.020418158,1.446742,0.83978045
0.020442372,1.4470838,0.8402783
0.020437771,1.4474369,0.8401837
0.020362483,1.4477918,0.83863485
0.020208068,1.4481628,0.8354489
0.019996112,1.4485449,0.83105606
0.019776365,1.4489243,0.826477
0.019585697,1.4493102,0.82248324
0.019447606,1.449706,0.8195786
0.019363753,1.4501151,0.81780976
0.019323716,1.4505329,0.8169638
0.019299857,1.4509594,0.81645936
0.019257326,1.4513913,0.81555927
0.019172013,1.4518303,0.81375074
0.019043297,1.4522821,0.8110145
0.018891899,1.4527378,0.8077841
0.018741138,1.4531945,0.8045545
0.018615328,1.4536628,0.80184954
0.018523961,1.454125,0.79987925
0.018459998,1.454599,0.79849714
0.018411683,1.455077,0.79745144
0.018354744,1.4555621,0.7962175
0.018272202,1.4560556,0.79442513
0.018157888,1.4565562,0.79193616
0.018024905,1.457066,0.78903085
0.017889425,1.4575808,0.78606
0.01776693,1.4581041,0.7833642
0.017662637,1.4586337,0.7810616
0.017573584,1.4591675,0.77909005
0.017489346,1.4597065,0.7772205
0.017398776,1.460255,0.7752055
0.017291244,1.4607998,0.7728063
0.017168634,1.4613514,0.77006143
0.017039686,1.461906,0.7671642
0.01691481,1.4624642,0.764348
0.016800627,1.463024,0.76176363
0.016697811,1.4635912,0.7594292
0.016609838,1.4641663,0.75742596
0.016527664,1.4647382,0.7555501
0.016443724,1.4653157,0.75362897
0.016354378,1.4658928,0.75157887
0.016257202,1.4664776,0.74934256
0.016156515,1.4670585,0.7470185
0.016059458,1.4676485,0.74477136
0.015967913,1.4682425,0.74264556
0.015881184,1.4688381,0.74062604
0.015797617,1.4694378,0.7386748
0.015714938,1.470042,0.7367393
0.015631318,1.4706537,0.73477656
0.015544002,1.4712679,0.7327215
0.015453867,1.4718882,0.73059404
0.015362757,1.4725143,0.7284372
0.015273963,1.4731416,0.726329
0.015188652,1.4737684,0.72429776
0.015105313,1.4744023,0.7223079
0.015024119,1.475039,0.7203641
0.014942011,1.47568,0.7183929
0.014857702,1.4763283,0.7163633
0.014772669,1.4769828,0.71431047
0.014688866,1.4776428,0.71228147
0.014607514,1.4783038,0.7103063
0.014527014,1.478958,0.7083464
0.01444878,1.4796169,0.7064364
0.014373588,1.4802871,0.7045959
0.014300036,1.4809589,0.7027908
0.014225059,1.4816281,0.700946
0.014150201,1.4823029,0.69909924
0.014074331,1.4829763,0.6972225
0.014000876,1.4836472,0.69540066
0.013928368,1.4843186,0.69359773
0.013857606,1.4849982,0.69183356
0.013786272,1.4856728,0.6900506
0.013713113,1.4863455,0.6882172
0.01364065,1.4870191,0.6863965
0.013569584,1.4876992,0.68460613
0.0135006225,1.4883809,0.6828643
0.013432671,1.4890635,0.68114364
0.013365747,1.4897442,0.67944473
0.013299819,1.4904246,0.6777669
0.01323516,1.4911098,0.6761174
0.013170365,1.4917922,0.67446035
0.0131051475,1.4924716,0.6727883
0.013040732,1.4931521,0.67113286
0.012973312,1.4938347,0.66939574
0.012907516,1.4945189,0.6676961
0.0128430845,1.4952047,0.66602755
0.012779598,1.4958888,0.6643793
0.012715535,1.4965718,0.662712
0.012651776,1.4972547,0.6610484
0.012587911,1.4979391,0.6593779
0.012524153,1.498625,0.65770584
0.012460202,1.4993116,0.6560245
0.012396215,1.5000013,0.65433794
0.012334806,1.5006934,0.6527151
0.012274193,1.5013864,0.6511094
0.012215184,1.502079,0.64954245
0.012155577,1.5027735,0.64795566
0.012095181,1.5034686,0.646344
0.012034162,1.5041625,0.64471155
0.011974428,1.5048568,0.64310944
0.011917142,1.5055493,0.6415693
0.01186193,1.5062438,0.64008135
0.0118066715,1.5069355,0.6385887
0.011750436,1.5076275,0.6370661
0.011692321,1.5083119,0.63548875
0.011634088,1.5089878,0.6339043
0.011577967,1.5096639,0.6323735
0.011523847,1.510339,0.6308937
0.011469662,1.5110122,0.62940884
0.011415338,1.51169,0.6279165
0.011360491,1.512373,0.6264062
0.011305228,1.513056,0.6248808
0.011249868,1.5137417,0.62334895
0.011195149,1.5144255,0.6218311
0.011142351,1.5151107,0.62036306
0.011089381,1.5157942,0.6188867
0.011036646,1.5164839,0.6174134
0.010983864,1.5171772,0.61593527
0.010931646,1.5178719,0.6144694
0.010878484,1.5185593,0.6129735
0.010825327,1.5192461,0.61147404
0.0107741,1.5199322,0.6100255
0.010724937,1.5206234,0.6086321
0.01067636,1.5213125,0.6072522
0.010628372,1.5220004,0.6058859
0.010580502,1.5226858,0.60451996
0.010532494,1.5233665,0.6031469
0.010484505,1.5240412,0.60177135
0.010438178,1.5247146,0.6004403
0.010392958,1.5253886,0.5991383
0.010347637,1.526064,0.59783053
0.010302022,1.5267369,0.59651136
0.010254299,1.5274094,0.5951282
0.010206465,1.5280825,0.59373844
0.010159575,1.5287621,0.5923731
0.010112764,1.5294377,0.5910068
0.010066946,1.5301152,0.5896664
0.010021667,1.5307927,0.5883388
0.009977146,1.5314679,0.58703053
0.009934213,1.5321432,0.58576614
0.009890893,1.5328248,0.5844875
0.009846712,1.533511,0.5831807
0.009803493,1.5342017,0.58189946
0.009761286,1.534889,0.58064544
0.009719717,1.5355747,0.57940775
0.009679038,1.5362601,0.578194
0.009637902,1.5369382,0.5769641
0.009596848,1.537614,0.5757339
0.00955577,1.5382924,0.5745005
0.009516335,1.5389748,0.5733138
0.009478021,1.5396563,0.5721585
0.00943941,1.5403328,0.5709919
0.009399616,1.5410074,0.569787
0.009358595,1.54168,0.56854236
0.009318432,1.5423447,0.5673211
0.009279056,1.5430081,0.5661212
0.009241191,1.5436715,0.56496495
0.009203466,1.5443296,0.5638106
0.009166392,1.5449841,0.5626738
0.009130612,1.5456368,0.56157464
0.009094827,1.5462809,0.560473
0.009058866,1.5469295,0.5593639
0.009022644,1.5475812,0.55824447
0.008986519,1.5482295,0.55712575
0.008950266,1.54888,0.55600095
0.008914977,1.5495278,0.55490375
0.008879669,1.5501713,0.5538038
0.008845155,1.5508157,0.5527264
0.008810842,1.5514587,0.55165327
0.008776785,1.5520988,0.5505861
0.008743002,1.5527349,0.54952544
0.008709816,1.5533695,0.5484815
0.0086766435,1.5540078,0.54743606
0.00864377,1.5546426,0.546398
0.008610585,1.5552734,0.54534817
0.008577793,1.5559108,0.5443087
0.008545128,1.5565459,0.54327136
0.008513393,1.5571834,0.5422616
0.008481665,1.5578154,0.5412502
0.008450504,1.5584493,0.54025507
0.008420117,1.5590879,0.5392828
0.008390418,1.5597212,0.5383309
0.008361123,1.5603503,0.5373903
0.008331615,1.5609815,0.53644115
0.008302267,1.5616149,0.5354955
0.00827256,1.5622418,0.5345366
0.008243163,1.5628687,0.533586
0.00821325,1.5634875,0.53261703
0.008182869,1.5641059,0.53163105
0.008153198,1.5647235,0.5306663
0.008124522,1.5653371,0.5297322
0.0080963,1.5659498,0.5288114
0.008068694,1.5665543,0.5279091
0.008041783,1.5671521,0.527028
0.008014938,1.5677466,0.52614766
0.00798797,1.5683445,0.52526164
0.007960651,1.5689452,0.52436274
0.007933648,1.5695438,0.5234726
0.007907282,1.5701454,0.522602
0.0078814365,1.5707451,0.5217473
0.007856174,1.5713419,0.5209105
0.007831191,1.5719341,0.5200815
0.0078066634,1.5725291,0.5192664
0.0077822157,1.5731226,0.5184527
0.0077574085,1.5737132,0.5176257
0.0077323904,1.5742996,0.51679033
0.007707372,1.5748851,0.51595366
0.0076822755,1.57547,0.51511294
0.007657391,1.5760559,0.51427794
0.0076330486,1.5766397,0.5134599
0.007608868,1.5772206,0.51264596
0.007585348,1.5777951,0.51185304
0.0075625796,1.5783628,0.5110842
0.0075401226,1.5789316,0.51032484
0.0075176484,1.5795039,0.5095637
0.007495003,1.5800774,0.5087957
0.0074723,1.5806489,0.5080245
0.0074498444,1.5812224,0.50726056
0.00742762,1.5817914,0.50650334
0.0074055362,1.5823513,0.5057499
0.007383704,1.5829074,0.5050038
0.0073621953,1.5834625,0.50426775
0.0073411306,1.5840214,0.5035458
0.0073201093,1.5845785,0.50282437
0.0072994665,1.5851321,0.50211483
0.007278967,1.5856881,0.5014093
0.0072587994,1.5862457,0.50071424
0.007238685,1.5868024,0.50001997
0.0072185243,1.5873599,0.4993232
0.0071985186,1.5879076,0.49863073
0.0071783722,1.5884503,0.4979325
0.0071581807,1.5889882,0.49723175
0.00713836,1.5895244,0.4965428
0.0071189012,1.5900611,0.4958656
0.0070999176,1.5905919,0.495204
0.00708109,1.5911274,0.49454698
0.0070621553,1.5916654,0.49388534
0.0070431107,1.5921967,0.49321896
0.0070243645,1.5927236,0.49256214
0.007005903,1.5932454,0.49191442
0.0069880364,1.5937701,0.49128678
0.0069703986,1.5942963,0.4906664
0.006952653,1.5948226,0.49004143
0.0069345324,1.5953355,0.48940244
0.0069163977,1.5958427,0.48876202
0.0068988623,1.5963482,0.48814207
0.006881851,1.5968544,0.4875399
0.0068649105,1.5973668,0.4869394
0.0068478673,1.5978804,0.48633465
0.0068305205,1.5983969,0.48571822
0.006813348,1.5989121,0.48510727
0.006796718,1.5994229,0.48451492
0.0067803236,1.5999314,0.48393017
0.0067638215,1.6004364,0.48334095
0.0067472043,1.6009392,0.48274684
0.006730591,1.6014471,0.48215213
0.006714381,1.601959,0.4815712
0.006698887,1.6024609,0.48101524
0.0066838567,1.6029623,0.48047534
0.006668623,1.6034611,0.47992745
0.006652821,1.6039555,0.47935852
0.006637013,1.6044437,0.47878864
0.006621268,1.604933,0.47822037
0.006605855,1.6054273,0.4776635
0.006590825,1.6059186,0.47711974
0.006575542,1.6064019,0.47656626
0.0065604895,1.6068871,0.4760205
0.0065457444,1.6073749,0.4754852
0.0065310043,1.6078616,0.4749496
0.0065165083,1.608347,0.4744222
0.0065023457,1.6088239,0.4739064
0.006487768,1.6093038,0.4733748
0.006472979,1.6097766,0.47283494
0.0064582294,1.610246,0.472296
0.0064438395,1.6107152,0.4717695
0.006430233,1.6111828,0.47127116
0.0064168395,1.6116463,0.47078013
0.0064035803,1.6121088,0.4702935
0.0063897055,1.6125667,0.46978366
0.006375722,1.6130191,0.46926937
0.006361986,1.6134678,0.4687636
0.0063488297,1.6139182,0.46827868
0.006335688,1.6143636,0.46779373
0.0063222903,1.6148086,0.4672989
0.0063086674,1.6152589,0.46679515
0.0062955534,1.6157119,0.46630973
0.0062828716,1.616166,0.4658398
0.0062698782,1.6166297,0.4653579
0.0062561845,1.6170946,0.46484944
0.006242341,1.617558,0.46433485
0.0062296027,1.6180117,0.4638608
0.0062179887,1.6184642,0.4634282
0.0062064403,1.6189128,0.46299765
0.006193911,1.6193569,0.46253008
0.006181058,1.6197933,0.46204993
0.0061685406,1.6202217,0.46158183
0.0061569926,1.6206433,0.46114957
0.0061459187,1.6210699,0.46073472
0.0061340216,1.6214961,0.4602885
0.006121668,1.6219237,0.4598248
0.0061094174,1.6223495,0.45936447
0.006097509,1.6227741,0.4589166
0.0060858876,1.6232005,0.45847905
0.0060740774,1.623621,0.45803395
0.006062401,1.6240389,0.4575935
0.006050569,1.6244538,0.45714673
0.006038944,1.6248671,0.45670736
0.0060279304,1.6252768,0.4562907
0.0060169296,1.6256924,0.45587417
0.0060057216,1.6261009,0.45544934
0.005994528,1.626514,0.45502475
0.005983357,1.6269351,0.4546005
0.0059728753,1.6273606,0.4542022
0.005962435,1.6277875,0.4538051
0.005952005,1.6282113,0.45340794
0.00594088,1.6286358,0.45298404
0.005929946,1.629064,0.452567
0.005919316,1.6294897,0.45216116
0.0059086187,1.6299176,0.4517524
0.0058979327,1.6303461,0.4513437
0.005887767,1.6307696,0.45095462
0.005877154,1.6311847,0.450548
0.0058660824,1.6315968,0.4501234
0.005855396,1.6320167,0.44971323
0.0058453544,1.6324385,0.44932744
0.0058356286,1.6328574,0.44895345
0.005825915,1.6332731,0.44857964
0.0058156787,1.6336858,0.44818544
0.0058063297,1.6341026,0.447825
0.005796551,1.6345165,0.44744772
0.005786985,1.6349295,0.44707838
0.0057774503,1.6353534,0.44671
0.0057688034,1.6357704,0.44637552
0.0057595554,1.6361868,0.4460176
0.0057493597,1.6365948,0.44562265
0.005738974,1.6370004,0.44522
0.005729139,1.6374055,0.4448383
0.005719595,1.6378049,0.44446763
0.005710306,1.6382006,0.44410655
0.00570058,1.6385944,0.44372818
0.0056910524,1.6389804,0.44335723
0.005681004,1.6393692,0.44296566
0.0056714825,1.6397674,0.4425943
0.005662342,1.6401658,0.44223747
0.0056532174,1.6405714,0.44188103
0.005644214,1.640977,0.44152904
0.005636359,1.6413814,0.44122168
0.0056271516,1.6417884,0.44086117
0.0056179566,1.6422021,0.4405008
0.005609923,1.6426177,0.44018576
0.0056024557,1.643031,0.43989265
0.00559379,1.6434382,0.43955234
0.005584501,1.6438522,0.43918723
0.0055747414,1.644268,0.43880332
0.005565377,1.6446862,0.4384346
0.0055574747,1.6450988,0.43812323
0.0055492255,1.6455036,0.4377979
0.0055396534,1.6459042,0.4374202
0.0055302624,1.6462994,0.43704924
0.0055226074,1.6467049,0.43674666
0.0055155414,1.6471025,0.43646717
0.005507883,1.6474956,0.43616405
0.00549889,1.6478956,0.43580782
0.0054894057,1.6482799,0.4354318
0.005481313,1.6486669,0.43511075
0.0054753097,1.6490532,0.4348724
0.00546844,1.6494423,0.43459952
0.0054601086,1.6498291,0.4342683
0.0054511786,1.6502223,0.43391308
0.00544194,1.6506071,0.4335452
0.0054338616,1.6509916,0.4332233
0.0054263845,1.6513754,0.43292516
0.005418888,1.6517547,0.43262598
0.005410354,1.6521267,0.43228516
0.0054030735,1.652496,0.43199423
0.0053957175,1.6528656,0.43170005
0.0053882403,1.6532362,0.43140084
0.0053808107,1.6536021,0.43110332
0.0053724083,1.6539627,0.4307666
0.0053648464,1.6543171,0.4304633
0.0053588646,1.6546762,0.43022326
0.0053514163,1.6550312,0.4299242
0.0053437725,1.655388,0.42961708
0.0053365524,1.6557539,0.42932668
0.0053291842,1.6561121,0.4290302
0.005320921,1.6564723,0.42869744
0.0053121843,1.656833,0.4283454
0.005303648,1.6571912,0.42800108
0.0052953972,1.6575499,0.427668
0.005288265,1.6579082,0.4273799
0.005281538,1.6582593,0.427108
0.0052747424,1.6586105,0.42683315
0.0052686078,1.6589556,0.42658484
0.0052626724,1.6593032,0.4263445
0.0052556833,1.6596501,0.42606133
0.0052486705,1.6599991,0.425777
0.0052423975,1.6603404,0.42552245
0.0052354885,1.660683,0.42524198
0.005227922,1.6610292,0.4249346
0.0052207247,1.6613827,0.42464197
0.0052133133,1.6617304,0.42434043
0.005206531,1.6620785,0.42406434
0.0052000238,1.6624283,0.42379922
0.00519266,1.6627725,0.42349908
0.0051848227,1.6631124,0.42317936
0.0051786467,1.6634576,0.42292723
0.005172013,1.6638062,0.42265627
0.0051653553,1.6641583,0.42238414
0.0051590754,1.6645207,0.4221273
0.005152785,1.6648809,0.42186987
0.0051470078,1.6652328,0.4216333
0.0051420056,1.6655856,0.42142838
0.005134666,1.6659366,0.4211275
0.0051277597,1.6662933,0.4208442
0.00512173,1.6666651,0.42059666
0.0051157675,1.6670324,0.42035177
0.005110304,1.6673936,0.42012727
0.005104723,1.667755,0.4198978
0.0050972803,1.668115,0.41959158
0.0050894707,1.6684737,0.41927
0.0050819283,1.6688387,0.41895926
0.0050764703,1.6691995,0.4187342
0.0050713224,1.6695594,0.41852185
0.005063368,1.6699228,0.41819346
0.0050558103,1.6702802,0.41788128
0.005049526,1.6706414,0.41762146
0.0050448757,1.6710016,0.41742915
0.005038677,1.6713583,0.41717258
0.0050308635,1.671713,0.41684905
0.005024443,1.6720749,0.41658294
0.0050197025,1.6724335,0.41638637
0.0050160997,1.6727899,0.41623694
0.005011319,1.6731462,0.4160385
0.0050039957,1.6735026,0.4157344
0.0049971957,1.6738611,0.41545185
0.004993012,1.674217,0.41527793
0.0049891546,1.6745572,0.41511744
0.004983041,1.674891,0.41486305
0.00497358,1.6752235,0.41446903
0.004968042,1.6755527,0.4142382
0.004965098,1.6758795,0.41411546
0.00495925,1.6762038,0.41387147
0.0049505574,1.6765287,0.41350862
0.004941709,1.6768502,0.41313887
0.004937947,1.6771799,0.4129816
0.0049342075,1.6775128,0.41282523
0.0049276007,1.6778377,0.41254875
0.004919935,1.6781672,0.41222772
0.0049134647,1.6784986,0.41195658
0.0049104067,1.6788286,0.41182837
0.004908615,1.6791636,0.41175324
0.0049027004,1.6794955,0.41150507
0.004894269,1.6798264,0.41115105
0.004888638,1.680163,0.4109145
0.0048861178,1.6805024,0.41080856
0.0048824283,1.680841,0.41065344
0.0048753284,1.6811752,0.41035473
0.004867314,1.6815083,0.41001734
0.004859338,1.6818384,0.40968123
0.004854563,1.6821715,0.4094799
0.004850959,1.6825026,0.40932783
0.004844558,1.6828306,0.40905774
0.0048378687,1.6831657,0.40877524
0.0048327385,1.6834958,0.40855843
0.00483001,1.6838294,0.408443
0.0048278323,1.6841574,0.40835094
0.0048231995,1.6844778,0.40815502
0.004817882,1.6847919,0.40792993
0.0048123854,1.685111,0.40769717
0.0048084,1.6854267,0.4075283
0.004804692,1.685734,0.40737113
0.0047959513,1.6860483,0.40700048
0.0047880886,1.686366,0.4066667
0.0047817132,1.6866766,0.40639585
0.004776325,1.6869774,0.40616682
0.004771308,1.6872786,0.40595347
0.0047659264,1.6875771,0.40572444
0.0047603487,1.6878681,0.405487
0.0047551645,1.6881665,0.4052661
0.0047508925,1.6884569,0.40508404
0.004749467,1.6887445,0.40502325
0.0047457116,1.6890402,0.40486312
0.0047409465,1.6893327,0.40465975
0.0047351606,1.6896317,0.40441275
0.004731305,1.6899303,0.4042481
0.004727096,1.6902128,0.4040682
0.004720189,1.6905009,0.40377295
0.0047123698,1.6907889,0.40343833
0.004707277,1.6910868,0.40322027
0.004703895,1.6913818,0.40307543
0.004699717,1.6916697,0.4028964
0.0046941405,1.6919528,0.4026573
0.004687403,1.692236,0.40236822
0.004683988,1.6925179,0.40222162
0.0046827937,1.6927973,0.40217033
0.0046799416,1.6930829,0.40204784
0.0046727206,1.6933684,0.40173757
0.0046663242,1.6936607,0.4014625
0.0046620076,1.6939567,0.40127677
0.004659202,1.6942556,0.40115598
0.004651594,1.6945443,0.40082833
0.004641528,1.6948373,0.4003944
0.004635332,1.6951323,0.40012708
0.004636241,1.6954243,0.40016633
0.004634778,1.6957116,0.40010315
0.004627453,1.6959968,0.39978686
0.004620265,1.6962839,0.39947623
0.004620772,1.6965802,0.39949816
0.004622954,1.6968737,0.3995925
0.004615859,1.697161,0.3992857
0.00460503,1.6974435,0.39881706
0.0046012844,1.6977279,0.39865488
0.004600907,1.6980064,0.39863852
0.004597441,1.6982932,0.3984883
0.0045885886,1.6985745,0.39810446
0.0045798817,1.6988561,0.3977266
0.0045770044,1.6991291,0.39760163
0.0045743696,1.6994025,0.3974872
0.00456823,1.6996651,0.39722037
0.004559201,1.6999232,0.39682764
0.004553484,1.7001718,0.39657873
0.004555164,1.7004184,0.39665186
0.0045548743,1.7006688,0.39663932
0.004546503,1.7009146,0.3962746
0.004540216,1.7011564,0.39600056
0.0045389743,1.7013929,0.3959464
0.0045378837,1.7016298,0.39589882
0.0045309225,1.7018605,0.39559504
0.0045229224,1.7020947,0.3952456
0.0045199264,1.7023282,0.3951147
0.0045179743,1.7025573,0.3950294
0.0045123654,1.7027881,0.39478412
0.004506472,1.7030231,0.39452624
0.004502608,1.7032495,0.39435703
0.0045012864,1.7034689,0.39429912
0.004498013,1.7036889,0.39415574
0.0044921045,1.7039129,0.3938968
0.004487738,1.7041342,0.39370528
0.004484462,1.704354,0.39356157
0.00448051,1.7045778,0.39338812
0.0044739083,1.7048005,0.39309818
0.004470032,1.7050254,0.39292789
0.004464897,1.7052443,0.3927021
0.004459435,1.705464,0.39246184
0.0044551813,1.7056879,0.39227462
0.0044519254,1.705911,0.39213124
0.004450357,1.7061265,0.39206216
0.004447458,1.7063415,0.39193445
0.0044446397,1.7065616,0.39181024
0.0044425083,1.7067828,0.39171633
0.0044388017,1.706998,0.39155284
0.00443484,1.707211,0.39137807
0.004431027,1.7074345,0.39120978
0.004425137,1.707662,0.3909497
0.0044182427,1.7078875,0.39064503
0.004410379,1.7081076,0.39029723
0.0044055865,1.708328,0.3900851
0.0044012726,1.7085537,0.38989407
0.0043963757,1.7087724,0.38967714
0.004392487,1.7089823,0.38950476
0.0043940675,1.7091972,0.38957486
0.0043924013,1.7094198,0.38950095
0.00438777,1.7096375,0.38929555
0.0043823975,1.7098587,0.3890571
0.0043821423,1.7100763,0.38904583
0.0043791817,1.710297,0.38891438
0.00437171,1.7105075,0.38858244
0.004363504,1.710713,0.38821757
0.004361047,1.7109169,0.38810828
0.004358309,1.7111206,0.38798642
0.004350362,1.71132,0.3876325
0.0043429337,1.7115185,0.38730142
0.004341792,1.711721,0.38725054
0.004338945,1.7119275,0.38712355
0.004335211,1.7121396,0.38695693
0.0043302397,1.7123461,0.386735
0.004329817,1.7125394,0.38671613
0.0043318416,1.7127331,0.38680652
0.0043278052,1.7129189,0.3866263
0.0043212776,1.7131071,0.38633457
0.004317209,1.7132967,0.38615263
0.004316433,1.7134819,0.38611794
0.004312363,1.7136635,0.38593587
0.004303471,1.7138472,0.38553777
0.004296765,1.7140245,0.3852373
0.004296513,1.7142026,0.38522598
0.0042948998,1.7143849,0.38515365
0.004287695,1.7145644,0.38483045
0.0042795255,1.7147417,0.38446367
0.0042799506,1.7149167,0.3844828
0.0042806366,1.7150835,0.38451362
0.004275132,1.715251,0.38426626
0.004267651,1.715411,0.3839299
0.0042631724,1.7155652,0.3837284
0.00426437,1.715717,0.38378227
0.004263519,1.7158685,0.383744
0.004256459,1.7160251,0.38342616
0.0042490438,1.7161907,0.38309202
0.0042453622,1.7163638,0.38292602
0.0042449413,1.7165396,0.38290703
0.0042402153,1.716718,0.38269383
0.004229903,1.7168887,0.3822282
0.0042245784,1.7170532,0.38198754
0.004225915,1.7172145,0.38204792
0.0042234007,1.7173815,0.3819343
0.0042165145,1.7175415,0.3816228
0.0042126486,1.7177056,0.38144782
0.00421394,1.7178657,0.38150626
0.004213421,1.7180153,0.38148278
0.004204844,1.7181554,0.38109428
0.004198983,1.7182964,0.3808286
0.0041994452,1.7184384,0.3808496
0.0041981055,1.7185798,0.38078883
0.004189544,1.7187132,0.3804003
0.0041797166,1.718848,0.37995395
0.004180289,1.7189775,0.37997994
0.0041821585,1.7191077,0.3800649
0.004174865,1.7192391,0.37973332
0.0041662008,1.7193745,0.3793391
0.0041666287,1.7195089,0.37935856
0.004168245,1.7196459,0.37943214
0.0041624927,1.7197845,0.37917024
0.0041547553,1.7199291,0.37881765
0.004152464,1.7200732,0.37871325
0.004154049,1.7202042,0.3787855
0.004148616,1.7203332,0.37853768
0.0041402937,1.720459,0.37815782
0.004137629,1.720586,0.3780361
0.0041389377,1.7207053,0.37809587
0.0041350443,1.7208192,0.377918
0.004124084,1.7209228,0.37741685
0.00412331,1.7210293,0.3773814
0.004122407,1.7211332,0.37734008
0.0041186376,1.7212383,0.37716752
0.0041133557,1.7213355,0.37692562
0.0041140937,1.7214316,0.37695938
0.004111337,1.7215332,0.3768331
0.004108001,1.7216269,0.37668017
0.0041031158,1.7217101,0.37645614
0.0040970747,1.7217972,0.37617892
0.004094871,1.7218789,0.37607777
0.004090765,1.721959,0.3758891
0.004083005,1.7220397,0.37553242
0.004077033,1.7221197,0.37525773
0.004075271,1.7222003,0.3751766
0.0040714093,1.7222894,0.3749988
0.004067111,1.7223684,0.37480077
0.0040651136,1.7224452,0.37470877
0.0040653353,1.7225138,0.37471896
0.004062586,1.7225809,0.37459227
0.0040547103,1.7226565,0.37422898
0.0040535573,1.7227219,0.3741758
0.0040511866,1.7227901,0.37406635
0.004050284,1.7228471,0.37402466
0.0040451083,1.7229046,0.37378561
0.0040376014,1.7229608,0.37343863
0.0040363264,1.7230227,0.37337968
0.0040353434,1.7230778,0.3733342
0.004027829,1.723141,0.3729864
0.0040229284,1.7232,0.37275946
0.0040191635,1.7232592,0.372585
0.0040177386,1.723323,0.37251893
0.004014347,1.7233844,0.37236166
0.0040082703,1.7234462,0.3720797
0.0040090065,1.7235086,0.37211388
0.004008812,1.7235723,0.37210488
0.0040010973,1.7236323,0.37174666
0.003999233,1.723693,0.37166005
0.0039977203,1.7237471,0.37158972
0.003990793,1.7238035,0.37126765
0.0039849244,1.7238429,0.3709946
0.0039824964,1.7238866,0.37088153
0.003980558,1.7239363,0.37079126
0.0039778408,1.7239839,0.3706647
0.00397376,1.7240177,0.37047452
0.0039725043,1.7240443,0.370416
0.003970942,1.7240634,0.37034312
0.0039676484,1.7240897,0.37018955
0.0039622844,1.7241108,0.36993918
0.0039564455,1.7241287,0.3696665
0.0039545037,1.7241511,0.36957577
0.0039511095,1.7241842,0.36941713
0.003946152,1.7242166,0.36918533
0.0039421734,1.724256,0.36899915
0.0039414777,1.7242966,0.36896658
0.00393834,1.7243359,0.3688197
0.0039355275,1.7243685,0.36868802
0.0039289105,1.7244025,0.36837792
0.003926669,1.7244337,0.36827278
0.0039303424,1.7244669,0.368445
0.003924367,1.7244973,0.36816487
0.003918294,1.7245194,0.36787984
0.003915293,1.7245458,0.367739
0.003910258,1.7245677,0.36750245
0.003906488,1.7245797,0.36732522
0.003901137,1.7245928,0.36707357
0.0038960674,1.7246016,0.36683497
0.003892164,1.7246145,0.36665115
0.0038899581,1.7246284,0.36654726
0.0038887286,1.724638,0.36648932
0.0038859197,1.7246482,0.36635694
0.0038812552,1.7246444,0.366137
0.0038789958,1.7246475,0.36603037
0.003878246,1.7246481,0.36599502
0.0038749215,1.7246494,0.3658381
0.0038702975,1.7246481,0.3656198
0.0038674257,1.7246497,0.36548412
0.0038684946,1.7246466,0.3655346
0.0038597104,1.7246431,0.3651194
0.003851796,1.7246369,0.36474484
0.0038528726,1.7246187,0.36479577
0.0038505641,1.7245862,0.3646865
0.0038423198,1.7245469,0.3642959
0.0038346096,1.724514,0.3639302
0.0038406977,1.7244773,0.36421898
0.0038402681,1.7244402,0.36419863
0.0038300764,1.7244086,0.36371502
0.003826879,1.7243807,0.36356318
0.0038327167,1.7243509,0.36384034
0.0038263132,1.7243154,0.3635363
0.0038148565,1.7242775,0.36299163
0.00381241,1.724234,0.36287522
0.00381542,1.7241826,0.36301845
0.003811196,1.7241312,0.36281744
0.0038003046,1.7240806,0.36229864
0.0037999055,1.7240258,0.36227962
0.003804472,1.7239783,0.36249724
0.0037978943,1.7239277,0.36218375
0.0037891995,1.7238773,0.36176893
0.003788841,1.7238247,0.3617518
0.003792628,1.7237673,0.36193255
0.0037862496,1.7237091,0.3616281
0.0037762953,1.7236538,0.36115238
0.003776188,1.7235885,0.36114725
0.0037818807,1.7235295,0.36141938
0.0037754434,1.7234662,0.36111167
0.0037652438,1.7234006,0.36062354
0.0037676124,1.7233375,0.36073697
0.0037696143,1.723282,0.36083275
0.003761661,1.7232301,0.36045194
0.0037523943,1.7231823,0.36000767
0.0037523767,1.7231288,0.3600068
0.00374907,1.7230729,0.35984817
0.003745457,1.7230214,0.3596747
0.003741679,1.722969,0.3594933
0.0037405074,1.7229222,0.359437
0.003741492,1.7228808,0.35948431
0.0037388408,1.7228386,0.3593569
0.0037315674,1.7228012,0.35900718
0.0037288642,1.7227643,0.35887715
0.0037300042,1.7227273,0.358932
0.003724883,1.7226833,0.3586855
0.0037146052,1.722641,0.35819033
0.0037094434,1.7225994,0.35794133
0.0037087044,1.7225666,0.3579057
0.003704819,1.7225208,0.35771817
0.003697933,1.72247,0.35738558
0.0037065896,1.722419,0.35780364
0.0037104096,1.722374,0.35798797
0.0037014533,1.7223239,0.35755566
0.0036977853,1.7222815,0.35737845
0.0037019954,1.7222346,0.35758185
0.0036957643,1.7221947,0.3572808
0.0036816483,1.722151,0.3565978
0.0036811228,1.7221053,0.35657233
0.003684171,1.7220664,0.35671994
0.0036767626,1.722017,0.3563611
0.0036634465,1.7219644,0.35571522
0.0036639604,1.721913,0.35574016
0.0036658777,1.721862,0.35583323
0.003658957,1.7218064,0.35549718
0.0036508956,1.7217458,0.35510534
0.00365709,1.7216921,0.35540646
0.003659806,1.7216363,0.35553843
0.0036499684,1.7215844,0.35506025
0.0036465859,1.7215269,0.3548957
0.003650104,1.7214642,0.35506684
0.003646672,1.7213938,0.3548999
0.0036306581,1.7213256,0.35411978
0.0036296379,1.721256,0.35407004
0.003634289,1.7211807,0.35429677
0.0036295764,1.7211112,0.35406703
0.003623148,1.7210362,0.35375333
0.0036219636,1.7209561,0.3536955
0.003619021,1.7208741,0.3535518
0.003615769,1.7207901,0.35339293
0.0036078058,1.7207036,0.3530036
0.0036051671,1.7206193,0.35287446
0.0036105388,1.7205367,0.35313722
0.0036068286,1.7204503,0.35295576
0.0035999985,1.7203643,0.3526214
0.0036001252,1.7202778,0.3526276
0.0036033015,1.7201945,0.35278314
0.003596133,1.7201093,0.35243204
0.0035905368,1.7200265,0.35215768
0.0035906741,1.7199395,0.35216445
0.0035837153,1.7198533,0.35182303
0.0035773015,1.7197655,0.35150805
0.003576694,1.7196875,0.3514782
0.0035718682,1.7196109,0.35124102
0.003572854,1.7195421,0.35128948
0.0035734694,1.7194724,0.35131973
0.003568508,1.7193981,0.35107577
0.003566526,1.7193264,0.35097826
0.0035644446,1.7192516,0.35087582
0.003555061,1.719175,0.35041368
0.0035519884,1.719103,0.3502622
0.0035513074,1.7190279,0.3502286
0.0035468144,1.718955,0.350007
0.0035384118,1.7188866,0.34959218
0.003539579,1.7188128,0.34964982
0.003540057,1.7187431,0.34967342
0.003537515,1.718673,0.34954786
0.003536586,1.7186042,0.34950194
0.0035405816,1.7185335,0.34969935
0.0035379902,1.7184556,0.34957132
0.0035326208,1.7183825,0.34930596
0.0035276993,1.7183074,0.3490626
0.0035243607,1.7182325,0.34889737
0.0035207977,1.7181545,0.34872094
0.003514024,1.7180753,0.34838533
0.003506918,1.7180017,0.3480329
0.0035077126,1.7179338,0.34807235
0.003507183,1.7178675,0.34804606
0.003502281,1.7177978,0.34780276
0.00350135,1.7177309,0.3477565
0.003502135,1.717672,0.3477955
0.0034982164,1.7176167,0.34760088
0.0034914429,1.7175562,0.34726417
0.0034918047,1.7174898,0.34728217
0.003491565,1.7174218,0.34727025
0.003477118,1.717358,0.34655106
0.0034761368,1.7172972,0.34650218
0.0034829786,1.7172265,0.34684297
0.0034739072,1.7171489,0.34639102
0.0034638275,1.71707,0.34588814
0.0034731773,1.7169865,0.34635463
0.0034708623,1.7169102,0.34623915
0.0034573057,1.7168291,0.34556234
0.003459973,1.7167495,0.3456956
0.0034667347,1.7166711,0.34603325
0.0034540922,1.716594,0.3454017
0.003447545,1.7165153,0.3450742
0.0034589102,1.7164433,0.34564254
0.003453451,1.7163728,0.34536964
0.0034403247,1.7163006,0.34471264
0.0034454826,1.7162277,0.34497097
0.003452982,1.7161568,0.34534618
0.0034394632,1.7160884,0.3446695
0.003433491,1.716016,0.3443701
0.0034434253,1.7159367,0.34486797
0.0034350357,1.7158573,0.34444758
0.0034232775,1.7157763,0.34385756
0.0034231346,1.7156928,0.34385037
0.0034266699,1.7156085,0.34402788
0.0034203406,1.7155255,0.34371004
0.0034158193,1.7154391,0.34348276
0.0034220808,1.715347,0.34379745
0.0034171042,1.7152586,0.34354737
0.0034080718,1.715168,0.343093
0.0034098637,1.7150831,0.3431832
0.0034118795,1.7150056,0.34328464
0.0033962661,1.7149318,0.34249827
0.0033946307,1.714862,0.34241578
0.0033942075,1.7147975,0.34239444
0.003383364,1.7147337,0.3418471
0.003381344,1.7146767,0.34174505
0.003385381,1.7146248,0.341949
0.0033852155,1.7145754,0.34194058
0.0033819778,1.7145224,0.34177703
0.0033827717,1.7144737,0.34181717
0.003385451,1.7144202,0.3419525
0.0033769943,1.7143663,0.34152514
0.0033663553,1.7143054,0.34098676
0.0033661171,1.7142409,0.34097466
0.003360081,1.7141793,0.34066883
0.0033538193,1.7141094,0.34035122
0.003354448,1.714038,0.34038314
0.003351655,1.713959,0.34024143
0.0033479598,1.7138784,0.3400538
0.0033457463,1.7138051,0.33994138
0.003344812,1.7137312,0.33989388
0.0033445754,1.713662,0.3398819
0.0033473275,1.7135812,0.3400217
0.0033419451,1.7135031,0.3397482
0.003344088,1.7134236,0.33985713
0.0033442026,1.7133423,0.3398629
0.0033374736,1.713259,0.33952084
0.00333288,1.7131734,0.33928713
0.0033339688,1.7130883,0.3393425
0.0033243524,1.713005,0.3388528
0.003313678,1.7129279,0.3383083
0.0033191335,1.712851,0.3385867
0.0033171382,1.7127815,0.3384849
0.0033064266,1.7127182,0.33793795
0.0033184397,1.7126611,0.33855128
0.0033253736,1.7125932,0.3389048
0.0033193508,1.7125242,0.33859774
0.0033159722,1.7124566,0.33842537
0.0033215827,1.7123879,0.33871156
0.003306971,1.7123187,0.33796576
0.00329812,1.7122508,0.33751318
0.0033036117,1.7121768,0.33779404
0.0032944782,1.7121038,0.33732677
0.0032859142,1.7120286,0.33688805
0.0032978612,1.7119551,0.33749995
0.003300602,1.7118869,0.33764017
0.0032967175,1.711812,0.3374414
0.0033005485,1.7117382,0.33763742
0.0033010347,1.7116629,0.33766225
0.0032867834,1.7115885,0.3369326
0.003276319,1.7115194,0.33639586
0.0032712284,1.7114441,0.33613437
0.0032605524,1.711374,0.33558542
0.0032606758,1.711307,0.3355918
0.0032674887,1.7112377,0.33594218
0.003264616,1.7111694,0.33579448
0.0032685837,1.7111018,0.33599848
0.0032726293,1.7110444,0.33620635
0.003268168,1.7109857,0.3359771
0.0032606546,1.7109232,0.33559072
0.003263533,1.7108642,0.33573878
0.0032596148,1.7108046,0.3355372
0.0032443446,1.7107444,0.33475032
0.003240282,1.7106831,0.33454067
0.0032463477,1.7106248,0.33485368
0.003237698,1.7105733,0.33440727
0.0032331734,1.7105248,0.3341735
0.0032378614,1.7104725,0.33441567
0.0032343704,1.710421,0.33423534
0.0032290274,1.7103705,0.33395916
0.0032288467,1.7103195,0.3339498
0.003227269,1.7102723,0.3338682
0.0032223589,1.7102207,0.33361417
0.0032163588,1.710163,0.3333034
0.0032179728,1.710109,0.33338705
0.0032195232,1.7100574,0.33346733
0.003214829,1.7100042,0.33322412
0.0032152254,1.7099495,0.33324465
0.0032165693,1.7098935,0.33331433
0.0032113607,1.7098371,0.33304435
0.0032074612,1.7097789,0.33284208
0.003206574,1.7097237,0.332796
0.003200537,1.7096704,0.3324826
0.0032041443,1.7096157,0.33266994
0.0032069767,1.7095652,0.33281693
0.003200141,1.7095165,0.33246204
0.003198181,1.7094705,0.33236024
0.0032011117,1.7094322,0.33251247
0.0031945065,1.7093884,0.33216923
0.0031872094,1.7093458,0.3317896
0.0031886138,1.7092983,0.3318627
0.0031820894,1.7092532,0.33152303
0.0031772621,1.7092103,0.33127147
0.003183103,1.7091628,0.3315758
0.0031799083,1.7091062,0.3314094
0.0031741576,1.7090518,0.33110955
0.0031835658,1.7089992,0.33159992
0.0031847826,1.7089533,0.33166328
0.003173042,1.7089093,0.33105138
0.0031817425,1.7088604,0.33150497
0.0031755194,1.7088099,0.3311806
0.0031567921,1.7087524,0.3302026
0.0031605428,1.7086908,0.3303987
0.0031629137,1.7086284,0.3305226
0.0031421138,1.7085593,0.32943404
0.0031508792,1.7084991,0.32989323
0.0031621575,1.7084377,0.3304831
0.003147078,1.7083805,0.32969415
0.0031572285,1.7083253,0.3302254
0.0031663587,1.7082677,0.3307026
0.0031495122,1.7082036,0.32982165
0.0031441376,1.708144,0.3295401
0.0031477646,1.7080837,0.32973012
0.0031346031,1.7080287,0.32904005
0.0031216478,1.7079747,0.3283594
0.0031260564,1.707923,0.3285912
0.0031291186,1.7078695,0.3287521
0.003123304,1.7078153,0.3284465
0.0031293316,1.7077637,0.3287633
0.00314185,1.7077103,0.3294202
0.0031261416,1.7076567,0.32859567
0.0031200228,1.7076011,0.32827392
0.003131702,1.7075496,0.32888776
0.0031112041,1.7074963,0.3278097
0.00310378,1.7074447,0.32741833
0.0031206221,1.7073896,0.32830545
0.0031040069,1.7073373,0.32743028
0.003104903,1.7072835,0.32747757
0.0031227365,1.7072293,0.32841665
0.00311048,1.707178,0.32777154
0.0031016113,1.707123,0.32730392
0.003105342,1.7070675,0.32750067
0.0030907437,1.7070092,0.32672998
0.0030835897,1.7069532,0.32635164
0.0030945528,1.706902,0.32693127
0.0030800095,1.7068533,0.32616213
0.0030899083,1.7068093,0.32668585
0.0031008348,1.7067596,0.32726294
0.0030947432,1.7067145,0.3269413
0.003097184,1.7066714,0.32707024
0.0030953556,1.7066271,0.32697365
0.003082331,1.7065872,0.32628503
0.0030752104,1.7065467,0.32590795
0.0030742472,1.7065011,0.3258569
0.0030650182,1.7064587,0.3253674
0.0030700706,1.7064154,0.32563546
0.0030770926,1.7063731,0.32600766
0.0030763177,1.7063302,0.32596663
0.003079376,1.7062889,0.32612857
0.00308883,1.7062464,0.32662886
0.003083716,1.7062074,0.32635832
0.0030729363,1.7061679,0.3257874
0.0030769506,1.7061223,0.32600012
0.0030725407,1.7060764,0.32576644
0.0030530335,1.7060397,0.32473066
0.0030623046,1.706006,0.32522333
0.0030653148,1.7059736,0.32538316
0.0030547807,1.705943,0.32482356
0.0030747384,1.7059116,0.32588294
0.003077292,1.7058774,0.3260182
0.0030643581,1.7058393,0.32533234
0.0030588673,1.7058085,0.32504076
0.0030601663,1.7057782,0.32510975
0.0030391056,1.7057495,0.3239891
0.0030331684,1.7057226,0.32367247
0.003042886,1.7056984,0.32419056
0.0030450348,1.7056751,0.324305
0.0030439026,1.705651,0.3242447
0.0030585744,1.7056202,0.3250252
0.0030594044,1.7055911,0.3250693
0.003045157,1.7055618,0.3243115
0.0030475394,1.7055334,0.32443836
0.0030371158,1.705509,0.32388303
0.0030294002,1.7054863,0.32347137
0.0030349328,1.7054697,0.3237666
0.0030257988,1.7054548,0.32327905
0.0030266999,1.7054334,0.32332715
0.003035388,1.7054113,0.32379088
0.0030314228,1.7053849,0.3235793
0.0030428136,1.7053676,0.32418668
0.0030328473,1.7053466,0.32365534
0.0030291467,1.7053229,0.32345784
0.0030430702,1.7053014,0.32420036
0.003027066,1.7052765,0.3233467
0.0030187946,1.7052475,0.32290465
0.0030336077,1.7052191,0.32369593
0.00301141,1.7051926,0.32250947
0.0030130325,1.7051667,0.3225963
0.0030299658,1.7051371,0.32350156
0.0030123913,1.705111,0.322562
0.0030186633,1.7050831,0.32289764
0.0030311898,1.7050622,0.32356688
0.0030102406,1.7050337,0.32244685
0.0030187077,1.7050089,0.3229
0.0030229979,1.7049803,0.32312936
0.0030075028,1.704952,0.32230017
0.003006609,1.7049217,0.32225227
0.0030097433,1.7048889,0.32242018
0.0029861014,1.7048528,0.32115138
0.0029934854,1.7048123,0.3215482
0.0030011237,1.7047783,0.32195815
0.002988829,1.704741,0.32129803
0.0030042422,1.7047055,0.3221254
0.0030069621,1.704666,0.32227117
0.0029921222,1.7046317,0.321475
0.002998606,1.7046009,0.32182312
0.0029953602,1.7045697,0.32164887
0.0029837408,1.7045367,0.32102442
0.0029742646,1.7045057,0.32051423
0.002985322,1.7044748,0.32110944
0.002978548,1.7044421,0.32074493
0.0029870234,1.7044111,0.32120097
0.002993526,1.7043842,0.32155037
0.0029937765,1.704361,0.32156384
0.002985562,1.704336,0.32112238
0.0029859098,1.7043136,0.32114106
0.002979567,1.7042907,0.3207998
0.002977273,1.7042736,0.32067627
0.0029784578,1.7042538,0.32074007
0.002974449,1.704234,0.32052416
0.0029951457,1.704212,0.32163736
0.002985008,1.704187,0.32109258
0.0029917755,1.704161,0.32145634
0.0029883466,1.7041346,0.32127208
0.0029769668,1.7041067,0.3206598
0.002975111,1.7040839,0.32055986
0.0029716245,1.7040588,0.32037193
0.002969491,1.704033,0.32025692
0.0029761922,1.704011,0.32061806
0.002974279,1.7039881,0.32051498
0.0029678824,1.7039647,0.32017016
0.0029826476,1.7039447,0.3209656
0.0029767181,1.7039254,0.3206464
0.0029617555,1.7039096,0.31983954
0.0029674582,1.7038971,0.32014728
0.0029594097,1.7038826,0.31971282
0.0029475174,1.7038714,0.3190698
0.002960482,1.7038575,0.31977072
0.0029641653,1.7038422,0.3199696
0.0029577177,1.7038263,0.3196214
0.0029651385,1.7038113,0.32002214
0.002963189,1.7037946,0.31991693
0.002946503,1.7037767,0.31901488
0.0029460725,1.7037611,0.31899157
0.0029443097,1.7037402,0.31889614
0.002934063,1.703721,0.31834075
0.0029438287,1.7037009,0.3188701
0.0029435907,1.7036806,0.3188572
0.002938786,1.703665,0.31859687
0.0029462469,1.7036501,0.31900102
0.002949146,1.703639,0.31915793
0.0029427945,1.7036277,0.31881407
0.0029420794,1.7036128,0.31877533
0.0029353183,1.7035984,0.31840885
0.0029336424,1.7035831,0.31831792
0.0029363162,1.70357,0.31846297
0.0029234511,1.703557,0.31776452
0.0029415388,1.7035466,0.31874603
0.0029334885,1.7035365,0.31830958
0.0029395153,1.7035289,0.3186364
0.002951887,1.7035213,0.31930622
0.0029231883,1.7035133,0.31775025
0.0029406832,1.7035037,0.3186997
0.0029265604,1.703498,0.31793347
0.002918368,1.7034882,0.31748813
0.0029326682,1.703477,0.31826505
0.002923754,1.7034667,0.317781
0.0029210558,1.703458,0.31763434
0.0029322787,1.703447,0.31824392
0.0029223284,1.7034363,0.31770355
0.0029311222,1.70343,0.31818116
0.0029298456,1.7034227,0.3181119
0.002911084,1.7034189,0.3170917
0.0029267666,1.7034141,0.31794468
0.0029116836,1.7034117,0.31712437
0.002913817,1.7034104,0.3172405
0.0029322118,1.7034116,0.3182403
0.0029102163,1.703409,0.31704444
0.0029336787,1.703405,0.3183199
0.0029288775,1.7034009,0.31805933
0.0029093758,1.7033933,0.31699863
0.0029272183,1.7033842,0.3179692
0.0029052566,1.7033793,0.3167742
0.0029062426,1.7033757,0.31682792
0.0029364333,1.7033713,0.31846932
0.0029124976,1.7033652,0.31716868
0.0029278838,1.7033644,0.31800535
0.0029296877,1.7033639,0.3181033
0.0029058035,1.7033666,0.316804
0.002916448,1.7033688,0.3173837
0.0029080254,1.7033713,0.31692508
0.0029013338,1.7033752,0.3165602
0.0029039874,1.7033762,0.31670496
0.0029085749,1.7033737,0.31695503
0.0029051702,1.7033736,0.31676945
0.002911181,1.7033733,0.31709698
0.0029086445,1.7033751,0.3169588
0.0029113211,1.7033784,0.3171046
0.0028943387,1.703382,0.31617838
0.0028983846,1.7033837,0.3163993
0.002897417,1.7033846,0.31634647
0.002886808,1.7033851,0.3157668
0.0029087176,1.7033883,0.31696278
0.0029051178,1.7033849,0.31676662
0.0029054715,1.7033803,0.31678587
0.002906151,1.7033737,0.31682292
0.0029036708,1.7033683,0.31668767
0.002900726,1.7033628,0.31652707
0.0028976102,1.7033554,0.31635705
0.0028961927,1.7033502,0.31627965
0.0028884313,1.7033436,0.31585556
0.0028947876,1.703337,0.3162029
0.002891209,1.7033281,0.3160074
0.0028957753,1.7033163,0.31625682
0.0028983753,1.7033094,0.3163988
0.0029036733,1.7033026,0.31668782
0.00289989,1.7032957,0.31648144
0.0028979643,1.703289,0.31637636
0.0028967955,1.7032846,0.31631255
0.002887523,1.7032721,0.31580588
0.0028988253,1.7032676,0.31642333
0.0028882888,1.7032559,0.31584778
0.0028987222,1.7032472,0.31641775
0.002907987,1.7032396,0.316923
0.002900519,1.7032293,0.31651577
0.002900176,1.703219,0.3164971
0.0028994035,1.7032049,0.31645492
0.0028844876,1.7031927,0.31563985
0.002887905,1.7031796,0.31582677
0.0028860264,1.7031668,0.31572405
0.002883951,1.703156,0.3156105
0.0028952449,1.7031405,0.31622788
0.0028949631,1.7031236,0.3162125
0.0028886057,1.7031106,0.3158651
0.002903699,1.7030967,0.31668922
0.0028814771,1.7030847,0.31547514
0.0028908001,1.7030756,0.31598505
0.0028992472,1.7030679,0.3164464
0.0028748265,1.7030551,0.31511083
0.0029086987,1.7030457,0.31696177
0.0028880404,1.7030332,0.3158342
0.0028901407,1.7030205,0.31594902
0.0029080915,1.703006,0.31692865
0.0028752342,1.7029905,0.31513318
0.0028884718,1.7029791,0.31585777
0.0028756321,1.7029666,0.315155
0.0028635585,1.702957,0.31449267
0.002881747,1.7029463,0.3154899
0.0028797972,1.7029332,0.31538314
0.002884868,1.7029203,0.3156607
0.0029078883,1.7029052,0.31691757
0.002892246,1.7028911,0.31606406
0.0029002638,1.7028762,0.31650186
0.0028855305,1.7028602,0.31569692
0.0028681334,1.702842,0.3147438
0.0028747132,1.7028242,0.31510463
0.0028658782,1.7028047,0.31462002
0.002872186,1.7027869,0.31496608
0.0028917794,1.7027693,0.31603858
0.0028834413,1.7027478,0.3155826
0.0029010924,1.7027296,0.31654707
0.0028861475,1.7027127,0.3157307
0.002871285,1.7026986,0.3149167
0.0028705671,1.7026846,0.31487733
0.002858424,1.7026727,0.3142106
0.002876703,1.7026577,0.31521365
0.0028820725,1.7026427,0.31550774
0.0028867908,1.7026284,0.3157659
0.0028988256,1.7026143,0.31642336
0.0028901054,1.7026013,0.3159471
0.0028858772,1.7025862,0.31571588
0.002889386,1.7025689,0.31590775
0.002853451,1.7025523,0.31393716
0.0028713928,1.7025373,0.31492257
0.0028637329,1.7025211,0.31450227
0.002875757,1.7025037,0.31516182
0.0028969592,1.7024888,0.31632152
0.0029039169,1.7024739,0.31670114
0.002915533,1.7024561,0.31733394
0.002903807,1.7024345,0.31669512
0.0028864632,1.7024162,0.31574792
0.0028757867,1.7023975,0.31516346
0.0028673871,1.7023785,0.31470287
0.0028712829,1.7023584,0.31491658
0.002876666,1.702339,0.3152116
0.002891298,1.7023164,0.31601226
0.0028985024,1.7022941,0.31640574
0.0028911964,1.7022711,0.31600672
0.002900626,1.7022451,0.3165216
0.0028855368,1.7022184,0.31569725
0.002867756,1.7021908,0.3147231
0.0028770647,1.7021638,0.3152335
0.002860819,1.7021352,0.3143422
0.0028912588,1.7021079,0.31601012
0.0028824348,1.7020806,0.31552756
0.0028961918,1.702051,0.3162796
0.0028940283,1.7020233,0.31616145
0.002881297,1.7019942,0.31546524
0.0028730931,1.701964,0.3150158
0.0028706489,1.7019339,0.3148818
0.0028690973,1.7019032,0.31479672
0.0028746407,1.7018746,0.31510067
0.002897526,1.701847,0.31635243
0.0028805712,1.7018178,0.31542552
0.0029066356,1.7017866,0.31684932
0.002881735,1.7017542,0.31548923
0.002888794,1.7017232,0.3158754
0.0028886215,1.7016934,0.31586596
0.0028747665,1.7016609,0.31510755
0.0028981706,1.7016261,0.31638762
0.0028761995,1.7015895,0.31518605
0.0028935433,1.7015514,0.31613496
0.0028911026,1.7015129,0.3160016
0.0028759316,1.7014755,0.3151714
0.0028949454,1.7014393,0.31621152
0.0028714715,1.7014012,0.3149269
0.0028963585,1.7013637,0.31628868
0.0028889135,1.7013263,0.3158819
0.0028922944,1.7012875,0.3160667
0.0029010607,1.7012492,0.31654534
0.002858161,1.7012109,0.31419617
0.0028942663,1.7011738,0.31617442
0.0028611606,1.7011365,0.31436098
0.0028861465,1.7011011,0.3157306
0.002890486,1.7010655,0.3159679
0.002874194,1.7010293,0.31507617
0.0028995133,1.700995,0.3164609
0.002871477,1.7009586,0.3149272
0.002886738,1.7009255,0.31576294
0.002881447,1.7008926,0.31547347
0.0028808408,1.700857,0.31544027
0.0028848732,1.7008181,0.31566095
0.0028815605,1.7007766,0.31547967
0.00286989,1.700738,0.31484017
0.0028796634,1.7006975,0.3153758
0.002865081,1.7006599,0.31457627
0.0028890525,1.7006189,0.31588954
0.002877537,1.7005763,0.3152593
0.002890988,1.7005347,0.31599534
0.002883764,1.7004896,0.31560028
0.0028736123,1.7004441,0.31504428
0.0028770869,1.7003986,0.3152347
0.0028763057,1.7003524,0.3151919
0.0028865659,1.700308,0.31575358
0.0028958959,1.7002625,0.31626344
0.0028991625,1.700217,0.31644174
0.0028912793,1.7001711,0.31601125
0.0028962365,1.7001237,0.31628203
0.0028790366,1.7000777,0.31534147
0.0028699103,1.7000294,0.3148413
0.0028753786,1.6999811,0.31514108
0.0028698135,1.6999303,0.31483597
0.0028750815,1.6998813,0.31512478
0.0028945724,1.6998307,0.31619117
0.002884165,1.6997776,0.3156222
0.002900727,1.6997235,0.31652713
0.002868473,1.6996701,0.31476244
0.0028880946,1.6996175,0.31583712
0.0028539468,1.6995637,0.31396443
0.002873457,1.6995071,0.31503576
0.0028754708,1.6994516,0.31514618
0.002875839,1.6993952,0.3151663
0.0028871205,1.6993374,0.3157839
0.0028748868,1.6992798,0.31511414
0.0028921042,1.6992244,0.31605634
0.00287132,1.6991668,0.3149186
0.002874956,1.6991104,0.31511793
0.0028733895,1.699052,0.31503206
0.0028701809,1.6989948,0.3148561
0.002886292,1.6989383,0.31573856
0.0028711823,1.6988808,0.31491107
0.0028942751,1.6988225,0.31617492
0.0028807942,1.6987654,0.31543773
0.0029047697,1.6987066,0.3167476
0.002879964,1.698645,0.3153923
0.0028930516,1.6985838,0.3161081
0.0028682458,1.6985215,0.31475
0.0028728861,1.6984571,0.3150045
0.0028689022,1.6983931,0.314786
0.0028707653,1.6983285,0.31488818
0.0028992216,1.698261,0.316445
0.0028769854,1.6981951,0.31522912
0.0029216607,1.6981289,0.3176672
0.0028770808,1.6980627,0.31523433
0.002900262,1.6979951,0.31650174
0.0028671115,1.6979249,0.31468773
0.0028735863,1.6978542,0.31504285
0.0028706766,1.6977807,0.31488332
0.002870743,1.6977073,0.31488696
0.0028821302,1.697632,0.31551087
0.0028854283,1.6975564,0.31569135
0.0028973036,1.6974773,0.3163403
0.0028835598,1.6974006,0.3155891
0.0029009145,1.6973249,0.31653735
0.0028676752,1.6972518,0.31471866
0.002887258,1.6971786,0.31579143
0.0028736386,1.6971039,0.3150457
0.0028788957,1.6970298,0.31533378
0.002899192,1.6969563,0.31644335
0.0028649196,1.6968819,0.3145674
0.002915066,1.6968073,0.31730852
0.0028545768,1.6967314,0.3139991
0.0029060566,1.6966543,0.3168178
0.0028407157,1.6965786,0.3132358
0.0029035164,1.696505,0.31667927
0.002853837,1.6964283,0.3139584
0.0029120708,1.6963516,0.31714544
0.0028671601,1.6962785,0.3146904
0.0029079195,1.6962048,0.3169193
0.0028485518,1.6961296,0.31366754
0.002884809,1.6960537,0.31565744
0.0028475428,1.695977,0.31361198
0.002889308,1.6958984,0.3159035
0.002862817,1.6958163,0.31445196
0.002899891,1.6957335,0.31648153
0.0028698617,1.6956493,0.31483862
0.0029034074,1.6955665,0.31667334
0.002881385,1.6954837,0.31547007
0.002901805,1.6953996,0.31658596
0.0028881272,1.6953149,0.31583893
0.002893612,1.6952318,0.31613868
0.002891005,1.6951492,0.31599626
0.0028774135,1.6950675,0.3152526
0.0028916493,1.6949842,0.31603146
0.0028711488,1.6949002,0.31490922
0.002905706,1.6948147,0.31679866
0.0028691376,1.694727,0.31479886
0.0029082864,1.6946363,0.3169393
0.0028680998,1.6945434,0.31474194
0.0028974381,1.6944497,0.31634763
0.0028700416,1.694356,0.31484848
0.002897603,1.694262,0.31635663
0.0028758997,1.6941664,0.31516963
0.0029019841,1.6940714,0.3165957
0.0028814594,1.6939765,0.31547415
0.0029266032,1.69388,0.3179358
0.0028629282,1.6937819,0.31445804
0.0029350175,1.6936822,0.31839254
0.0028282485,1.6935847,0.31254768
0.0029527976,1.6934874,0.31935546
0.002805555,1.6933895,0.31129125
0.0029937602,1.6932902,0.32156295
0.0027833849,1.6931905,0.31005886
0.0030297623,1.6930903,0.32349068
0.0027555411,1.6929909,0.30850413
0.003051488,1.6928896,0.32464844
0.0027386686,1.6927897,0.30755815
0.0030854403,1.6926907,0.32644954
0.0027441557,1.6925898,0.3078661
0.0031017363,1.692487,0.3273105
0.0027429552,1.692383,0.30779874
0.0030692783,1.6922804,0.32559347
0.002751276,1.69218,0.30826527
0.0030043172,1.6920792,0.3221294
0.0028024965,1.6919762,0.3111215
0.0029463489,1.6918726,0.31900653
0.0028759837,1.6917682,0.31517425
0.0028939545,1.6916642,0.3161574
0.0029263962,1.6915596,0.31792453
0.002827644,1.6914554,0.3125143
0.002952632,1.6913488,0.31934652
0.0027780277,1.6912398,0.30976033
0.0029877077,1.6911318,0.32123774
0.0027776137,1.6910225,0.30973727
0.0030082888,1.6909126,0.32234228
0.0027873307,1.6908015,0.31027856
0.0029832604,1.6906899,0.32099858
0.0028082046,1.6905789,0.31143823
0.0029412005,1.6904666,0.3187277
0.0028451951,1.6903538,0.31348267
0.0028865677,1.6902398,0.31575367
0.0028993818,1.690127,0.31645373
0.0028439045,1.6900123,0.31341156
0.0029385025,1.6898974,0.3185815
0.0028173649,1.6897811,0.31194577
0.0029755759,1.6896646,0.3205849
0.0028043757,1.6895472,0.3112258
0.0029804744,1.6894292,0.32084864
0.002792157,1.689309,0.31054705
0.0029600016,1.6891876,0.31974477
0.0028083334,1.6890638,0.31144536
0.0029613287,1.6889405,0.31981644
0.0028354886,1.6888161,0.31294748
0.0029413407,1.6886933,0.31873533
0.0028294423,1.6885705,0.31261364
0.0029192811,1.6884493,0.31753787
0.002826964,1.6883265,0.3124767
0.0029167496,1.6882018,0.3174001
0.0028313333,1.6880767,0.3127181
0.002934517,1.6879505,0.31836537
0.002843649,1.6878245,0.3133975
0.0029457933,1.6876987,0.31897646
0.0028388824,1.6875702,0.3131347
0.0029349355,1.6874391,0.31838807
0.0028209635,1.6873083,0.31214488
0.002936641,1.6871785,0.31848058
0.0028155704,1.6870482,0.31184638
0.0029538476,1.6869175,0.31941226
0.0028160678,1.6867872,0.3118739
0.0029575028,1.6866583,0.31960982
0.0028053368,1.6865278,0.31127915
0.0029653942,1.6863992,0.3200359
0.0027871048,1.6862711,0.310266
0.0029866574,1.6861402,0.3211813
0.0027690777,1.6860093,0.30926096
0.0030245115,1.6858774,0.32321024
0.0027369712,1.6857438,0.30746284
0.0030803632,1.6856092,0.32618085
0.0027092046,1.6854748,0.30589923
0.0031386914,1.68534,0.32925457
0.0026911995,1.685204,0.30488107
0.0031554715,1.6850681,0.33013356
0.0026841988,1.6849303,0.30448425
0.0031339005,1.6847917,0.32900319
0.0027071263,1.6846524,0.3057819
0.0030590473,1.6845137,0.32505032
0.0027675047,1.6843741,0.3091731
0.0029662678,1.6842325,0.32008305
0.0028529644,1.6840893,0.3139104
0.0028702123,1.6839474,0.31485787
0.0029267843,1.683803,0.31794563
0.0027900639,1.6836594,0.31043065
0.0029893217,1.683515,0.3213245
0.0027502454,1.683371,0.30820754
0.0030334387,1.6832262,0.3236869
0.0027527045,1.6830807,0.3083453
0.003033276,1.6829339,0.32367823
0.0027744137,1.6827896,0.30955878
0.0030001139,1.6826446,0.32190397
0.00280096,1.6824974,0.31103623
0.002925757,1.6823521,0.31788984
0.002834447,1.6822034,0.31289
0.0028656367,1.6820536,0.3146068
0.0028932348,1.6819057,0.3161181
0.0028437765,1.6817579,0.31340453
0.00294625,1.6816088,0.3190012
0.0028193193,1.681457,0.31205392
0.002947887,1.6813052,0.3190898
0.0028005787,1.6811539,0.31101504
0.0029275045,1.6810007,0.31798473
0.0028055622,1.6808462,0.31129164
0.0029257482,1.6806937,0.31788936
0.0028348714,1.6805387,0.31291345
0.0029302842,1.6803838,0.31813568
0.0028623936,1.6802272,0.31442872
0.002904718,1.6800718,0.3167448
0.0028565053,1.6799172,0.31410512
0.002869395,1.6797625,0.314813
0.0028669666,1.6796097,0.31467977
0.002855581,1.6794552,0.3140543
0.002894987,1.6793,0.3162138
0.0028466969,1.6791456,0.3135654
0.0029086545,1.6789888,0.31695935
0.0028279016,1.6788341,0.31252855
0.002893646,1.6786783,0.31614053
0.0028187665,1.6785234,0.31202334
0.0029011653,1.6783648,0.31655103
0.002833777,1.678205,0.31285304
0.002902382,1.6780441,0.31661743
0.0028291107,1.6778817,0.31259534
0.002895701,1.6777202,0.3162528
0.0028092049,1.6775587,0.31149366
0.0029132082,1.6773975,0.31720737
0.0028147395,1.6772366,0.31180036
0.0029379167,1.6770765,0.31854972
0.002809339,1.6769193,0.3115011
0.0029362806,1.6767622,0.31846103
0.002786295,1.6766037,0.3102209
0.0029230872,1.6764461,0.31774476
0.0027728933,1.6762899,0.30947393
0.002949626,1.6761354,0.31918392
0.0027824172,1.6759794,0.31000495
0.002982432,1.6758227,0.320954
0.0027703864,1.6756642,0.309334
0.0029752036,1.6755043,0.3205648
0.0027196584,1.6753428,0.30648887
0.0029996894,1.6751797,0.32188123
0.002690088,1.6750165,0.30481812
0.003072146,1.6748519,0.3257455
0.002672844,1.674688,0.30383956
0.0031548445,1.6745242,0.33010074
0.0026406865,1.6743597,0.30200624
0.0032078444,1.674196,0.33286196
0.0026039984,1.6740322,0.29990098
0.0032332782,1.6738693,0.33417892
0.0026052964,1.6737057,0.29997572
0.00318892,1.673542,0.33187866
0.002646115,1.6733781,0.3023165
0.0030401112,1.6732161,0.3240427
0.0027425406,1.6730522,0.30777547
0.002883639,1.6728886,0.31559345
0.0028717509,1.6727246,0.31494224
0.0027580569,1.6725596,0.3086449
0.0029946193,1.6723948,0.3216091
0.0027026874,1.6722301,0.3055311
0.003063617,1.672063,0.325293
0.0027005994,1.671895,0.30541304
0.0030249988,1.6717266,0.3232363
0.0027233423,1.6715587,0.30669636
0.002914923,1.6713891,0.3173007
0.0027957475,1.6712167,0.31074667
0.0028271778,1.6710433,0.31248853
0.0029110867,1.6708713,0.31709185
0.0027811327,1.6707013,0.30993336
0.0029705605,1.6705315,0.32031456
0.0027365691,1.6703619,0.30744025
0.0029377963,1.6701937,0.31854323
0.002734335,1.6700242,0.30731472
0.0028989834,1.6698574,0.316432
0.002790851,1.6696898,0.31047443
0.0028735893,1.6695226,0.31504303
0.0028442144,1.6693542,0.31342864
0.0028428596,1.6691859,0.313354
0.0028694174,1.6690171,0.31481427
0.0027921514,1.6688464,0.31054673
0.0028632297,1.6686754,0.31447464
0.0027678881,1.6685038,0.30919454
0.0028641697,1.6683326,0.31452623
0.0027958755,1.6681594,0.3107538
0.0028663538,1.6679837,0.31464615
0.002816549,1.6678077,0.3119006
0.0028453714,1.6676314,0.31349236
0.0028265638,1.6674535,0.31245458
0.0028010209,1.6672753,0.3110396
0.0028315235,1.667097,0.3127286
0.0027734346,1.6669165,0.30950415
0.0028521991,1.6667345,0.31386828
0.0027655542,1.666551,0.30906412
0.0028745537,1.666369,0.31509587
0.0027742507,1.6661879,0.3095497
0.0028864734,1.6660084,0.3157485
0.002784847,1.6658299,0.31014028
0.0028830827,1.665652,0.315563
0.0027725294,1.6654725,0.30945364
0.0028514864,1.6652923,0.31382906
0.0027757655,1.6651137,0.30963418
0.0028375133,1.664935,0.3130592
0.0028009694,1.664755,0.31103674
0.0028284758,1.6645744,0.31256026
0.0028262301,1.6643949,0.31243616
0.0028104328,1.6642169,0.3115617
0.0028451367,1.6640413,0.31347945
0.0027890718,1.6638643,0.31037545
0.0028375417,1.6636862,0.31306076
0.0027817094,1.6635067,0.30996552
0.0028532594,1.663328,0.31392664
0.0027867435,1.6631486,0.3102459
0.002861645,1.6629701,0.3143876
0.0027828042,1.6627908,0.31002653
0.002854594,1.6626129,0.31400004
0.002768808,1.6624349,0.30924588
0.0028505714,1.6622591,0.3137787
0.0027752717,1.6620848,0.30960664
0.0028621668,1.66191,0.31441626
0.0027870117,1.661736,0.31026077
0.002859,1.661562,0.31424224
0.0027828864,1.661387,0.3100311
0.0028367108,1.6612146,0.31301492
0.0027640383,1.6610425,0.30897942
0.002815293,1.660868,0.31183103
0.0027620199,1.6606941,0.30886656
0.0028283768,1.6605178,0.3125548
0.0027809679,1.6603422,0.30992422
0.002831363,1.660166,0.3127197
0.002770085,1.6599903,0.3093172
0.0028433837,1.6598129,0.31338286
0.0027484968,1.6596373,0.30810952
0.0028608707,1.6594622,0.31434506
0.0027130211,1.6592865,0.30611464
0.0029039783,1.6591094,0.31670448
0.002675506,1.6589332,0.30399084
0.0029900498,1.6587583,0.32136363
0.0026228484,1.6585828,0.30098447
0.0031206778,1.658407,0.32830837
0.0025586607,1.6582314,0.29727873
0.0033054568,1.6580572,0.33788836
0.002507688,1.6578836,0.2943027
0.0034754593,1.6577083,0.3464684
0.002492975,1.6575304,0.2934381
0.0034497678,1.6573516,0.34518543
0.0025223957,1.6571717,0.2951645
0.0031016916,1.6569932,0.32730815
0.002675596,1.6568133,0.3039959
0.0027227805,1.6566306,0.30666474
0.0029732129,1.6564499,0.32045755
0.0025641096,1.6562682,0.29759514
0.0031684784,1.6560866,0.33081326
0.0025538958,1.6559026,0.2970018
0.0030339158,1.6557167,0.32371235
0.0026581816,1.6555324,0.30300504
0.0027687273,1.6553473,0.30924138
0.0028623356,1.6551644,0.3144255
0.0026199361,1.6549826,0.30081734
0.00302412,1.6548002,0.32318935
0.0026139084,1.6546171,0.3004711
0.0029653744,1.654435,0.32003486
0.0026903702,1.6542526,0.30483407
0.0027739403,1.6540736,0.30953237
0.0028305475,1.653893,0.31267473
0.0026515273,1.6537122,0.30262554
0.0029383635,1.6535306,0.31857395
0.0026341171,1.6533478,0.30163038
0.002907867,1.6531643,0.31691644
0.0026877662,1.6529802,0.30468652
0.0027777776,1.652798,0.30974638
0.0027856627,1.6526154,0.3101857
0.0026754402,1.6524317,0.30398706
0.0028654286,1.6522502,0.31459537
0.0026508502,1.6520687,0.30258688
0.0028553577,1.6518893,0.31404203
0.002703827,1.6517107,0.30559552
0.0027817776,1.6515313,0.3099693
0.0027751266,1.6513528,0.30959854
0.0026871078,1.6511731,0.3046492
0.002818884,1.6509929,0.3120298
0.0026461335,1.6508127,0.3023176
0.0028328837,1.6506294,0.3128037
0.0026663493,1.6504468,0.30347016
0.0028021347,1.6502632,0.31110144
0.0027347144,1.6500826,0.30733603
0.0027475432,1.6499015,0.30805606
0.0027901013,1.64972,0.31043273
0.0026815108,1.64954,0.30433175
0.0028154124,1.649361,0.3118376
0.002670339,1.6491821,0.30369714
0.0028031312,1.6490024,0.31115672
0.0027016555,1.6488241,0.3054728
0.0027564955,1.6486472,0.3085575
0.00274421,1.6484722,0.30786914
0.0027206538,1.6482998,0.30654493
0.002755799,1.6481255,0.30851853
0.0026941178,1.6479495,0.30504635
0.0027674788,1.6477753,0.30917165
0.0026892093,1.6475996,0.30476832
0.002767845,1.647423,0.30919212
0.0026975977,1.6472459,0.30524325
0.0027409287,1.6470708,0.30768505
0.0027338322,1.6468972,0.30728647
0.0027147306,1.646724,0.30621105
0.0027506624,1.6465499,0.3082309
0.0026862822,1.6463777,0.3046024
0.0027698742,1.6462044,0.3093054
0.002680306,1.6460296,0.30426338
0.0027687345,1.6458551,0.30924177
0.0026848316,1.6456823,0.30452016
0.0027370828,1.6455122,0.3074691
0.0027026755,1.6453415,0.30553043
0.0027035084,1.6451714,0.3055775
0.002722259,1.6450009,0.30663535
0.0026737044,1.6448281,0.30388847
0.0027498805,1.6446565,0.30818707
0.0026751282,1.6444849,0.30396938
0.0027564722,1.6443127,0.30855623
0.0026707333,1.6441411,0.30371955
0.002725195,1.6439712,0.3068007
0.0026924144,1.6438011,0.30494988
0.0027021684,1.6436318,0.3055018
0.002718548,1.6434631,0.3064263
0.0026750749,1.6432973,0.30396634
0.002728005,1.6431319,0.3069588
0.0026616955,1.6429653,0.30320522
0.0027384679,1.642798,0.30754688
0.002659982,1.6426332,0.30310762
0.0027453003,1.6424681,0.3079303
0.002671567,1.6423045,0.30376697
0.002727458,1.642141,0.30692804
0.0026789373,1.6419742,0.3041857
0.0027084965,1.6418109,0.30585927
0.0026841834,1.6416488,0.30448338
0.002687585,1.6414889,0.30467626
0.002694842,1.6413286,0.3050873
0.002666627,1.6411676,0.303486
0.0027093703,1.6410077,0.30590862
0.002662767,1.6408477,0.30326626
0.002721421,1.6406853,0.30658814
0.0026554593,1.6405234,0.30284983
0.0027163094,1.640364,0.30630007
0.0026355018,1.6402062,0.30170965
0.0027157727,1.6400459,0.30626982
0.002629385,1.6398835,0.30135933
0.0027276846,1.6397239,0.30694076
0.0026282198,1.6395627,0.3012925
0.0027135392,1.6394031,0.30614385
0.002616922,1.6392444,0.30064425
0.0026960024,1.6390866,0.305153
0.0026354592,1.6389275,0.30170718
0.0026857504,1.638768,0.30457225
0.0026600165,1.6386067,0.3031096
0.0026609218,1.6384479,0.30316117
0.0026570507,1.6382875,0.30294058
0.0026284612,1.638127,0.30130637
0.0026800095,1.6379672,0.30424657
0.002614315,1.6378086,0.30049443
0.0027073212,1.6376497,0.3057929
0.0025947078,1.6374903,0.2993655
0.0027341188,1.6373351,0.3073026
0.0025725758,1.6371794,0.298086
0.0027567255,1.637022,0.3085704
0.0025447428,1.6368638,0.29646912
0.0027828498,1.6367047,0.31002903
0.0025258511,1.6365458,0.29536662
0.0028239372,1.6363883,0.31230938
0.0025078596,1.6362306,0.29431278
0.0028540778,1.636074,0.31397164
0.0024818867,1.6359185,0.29278478
0.0028773837,1.6357635,0.31525096
0.0024593193,1.6356097,0.29145062
0.002909328,1.6354567,0.31699607
0.0024589498,1.6353052,0.29142874
0.0029271957,1.635155,0.31796798
0.002456717,1.6350045,0.2912964
0.0029010412,1.634857,0.31654426
0.0024459108,1.6347092,0.29065502
0.0028374544,1.6345581,0.31305596
0.002467686,1.6344084,0.29194596
0.0027849197,1.6342593,0.3101443
0.0025333588,1.6341085,0.29580525
0.0027135254,1.6339563,0.30614308
0.0025773963,1.6338078,0.29836518
0.0026336932,1.6336613,0.3016061
0.0026112553,1.6335176,0.30031857
0.0025671173,1.6333752,0.2977696
0.0026588358,1.6332315,0.30304232
0.0025371548,1.6330857,0.29602677
0.0027198035,1.6329428,0.306497
0.0025231475,1.632801,0.2952085
0.0027454898,1.6326593,0.30794093
0.0024965124,1.6325175,0.2936462
0.0027283237,1.6323763,0.30697674
0.0024745022,1.6322368,0.29234886
0.002716524,1.6320924,0.30631217
0.0024772466,1.6319468,0.29251093
0.0027353992,1.6318027,0.30737454
0.002498617,1.631661,0.29376996
0.002734905,1.6315202,0.30734676
0.0025074433,1.6313802,0.29428834
0.0026886207,1.6312407,0.30473498
0.0025133826,1.6311016,0.2946367
0.0026411759,1.630963,0.30203423
0.0025298689,1.630823,0.29560143
0.0026069256,1.630682,0.30006948
0.002550862,1.630542,0.29682535
0.0026133081,1.6304042,0.30043662
0.0025841126,1.6302664,0.29875365
0.00261228,1.6301274,0.3003775
0.0025655795,1.6299896,0.2976804
0.0025758732,1.6298527,0.298277
0.002545593,1.6297152,0.29651865
0.0025689772,1.6295774,0.29787746
0.0025671346,1.6294408,0.29777062
0.0025684568,1.6293032,0.2978473
0.0025815538,1.629164,0.29860568
0.0025558192,1.6290251,0.29711363
0.0025519624,1.6288865,0.29688936
0.002534312,1.6287493,0.2958609
0.0025437705,1.628612,0.2964125
0.002553626,1.6284752,0.29698613
0.002562087,1.6283387,0.29747772
0.0025664158,1.6282005,0.2977289
0.0025574798,1.6280642,0.29721013
0.0025517745,1.6279283,0.29687843
0.0025461954,1.6277927,0.29655373
0.0025465374,1.6276593,0.29657364
0.0025435574,1.6275259,0.29640007
0.0025405562,1.6273943,0.29622513
0.0025409006,1.6272624,0.29624522
0.0025362077,1.6271294,0.2959715
0.0025385895,1.626999,0.29611045
0.002533917,1.6268716,0.29583785
0.0025384866,1.6267438,0.29610446
0.002535785,1.6266177,0.29594687
0.0025411714,1.6264914,0.296261
0.0025311725,1.6263691,0.29567757
0.0025469235,1.6262488,0.2965961
0.0025318642,1.6261263,0.29571798
0.0025517186,1.6260058,0.29687518
0.0025325962,1.6258898,0.29576072
0.002535451,1.6257732,0.29592738
0.0025101656,1.6256613,0.29444805
0.0025190592,1.625546,0.2949692
0.0025087164,1.6254314,0.29436305
0.0025375457,1.6253175,0.2960496
0.002509789,1.6252029,0.294426
0.0025477489,1.6250898,0.29664418
0.0024897028,1.6249781,0.29324543
0.0025506078,1.6248634,0.29681057
0.0024697555,1.6247488,0.29206836
0.0025654186,1.6246333,0.29767108
0.0024396558,1.6245177,0.2902831
0.0025860535,1.6244038,0.2988658
0.0024021075,1.6242913,0.2880406
0.0026439782,1.6241803,0.30219442
0.00235504,1.6240693,0.28520468
0.002787297,1.6239604,0.31027666
0.0022901357,1.6238508,0.28124714
0.0030574987,1.623743,0.32496807
0.0022357963,1.6236366,0.27789047
0.0035067957,1.6235312,0.34802684
0.0022641022,1.623426,0.279644
0.003827825,1.6233214,0.3636081
0.0022443023,1.6232171,0.27841857
0.0031787576,1.6231136,0.33134943
0.0023450863,1.6230081,0.28460136
0.0023388474,1.6229017,0.2842225
0.003051473,1.6227995,0.32464767
0.002214018,1.6226977,0.27653372
0.0031470067,1.622598,0.32969043
0.0022750907,1.6224992,0.2803218
0.0024560322,1.6223987,0.29125574
0.0027639826,1.6223003,0.3089763
0.002218362,1.6222029,0.27680486
0.0029532388,1.622107,0.3193793
0.0022912477,1.6220138,0.28131542
0.0024703196,1.6219217,0.2921017
0.002679073,1.621829,0.3041934
0.0022443885,1.621736,0.2784239
0.0028123395,1.6216424,0.3116674
0.0023097715,1.621553,0.2824503
0.0024459478,1.6214672,0.29065722
0.002623401,1.6213804,0.30101618
0.002269786,1.621295,0.27999482
0.002705192,1.6212068,0.30567265
0.0023484365,1.6211174,0.28480455
0.0024252986,1.621029,0.2894277
0.0025809326,1.6209406,0.29856977
0.0022874584,1.6208545,0.28108272
0.0026045507,1.6207703,0.29993278
0.002359797,1.6206859,0.28549257
0.0024007193,1.6206025,0.28795737
0.0025506967,1.6205226,0.29681572
0.0023099277,1.620442,0.28245986
0.0025604893,1.6203635,0.29738495
0.0023859488,1.6202872,0.28707016
0.002400399,1.6202095,0.28793818
0.0025179184,1.6201322,0.2949024
0.0023323728,1.6200525,0.28382882
0.002514877,1.6199733,0.29472426
0.0023856764,1.6198943,0.2870538
0.0023983778,1.6198153,0.28781688
0.002481023,1.6197349,0.29273382
0.0023416837,1.6196553,0.2843948
0.0024765772,1.6195753,0.29247144
0.0023823935,1.6194968,0.2868562
0.0024004364,1.6194205,0.28794038
0.0024574536,1.6193467,0.29134002
0.0023442036,1.619272,0.28454778
0.0024577794,1.6191947,0.29135936
0.0023801816,1.619118,0.28672302
0.002397492,1.6190418,0.28776374
0.0024499972,1.6189704,0.29089773
0.0023541478,1.6189023,0.28515065
0.0024518296,1.6188362,0.29100648
0.0023565758,1.6187724,0.2852977
0.0023833737,1.61871,0.2869152
0.0024201106,1.6186471,0.28911802
0.0023589677,1.6185856,0.28544244
0.0024471334,1.6185268,0.29072765
0.0023799317,1.6184675,0.28670797
0.0024021287,1.6184074,0.2880419
0.0024050148,1.6183473,0.2882149
0.0023474419,1.6182898,0.2847442
0.0024026376,1.618233,0.28807238
0.0023449815,1.618179,0.28459498
0.0023844542,1.6181254,0.28698027
0.002396759,1.6180707,0.2877198
0.0023732644,1.6180197,0.28630608
0.0024089809,1.6179668,0.28845242
0.0023621372,1.6179144,0.2856341
0.0023785478,1.6178626,0.28662458
0.0023712027,1.6178111,0.2861817
0.0023544857,1.6177592,0.28517112
0.0024006208,1.6177077,0.28795147
0.002348535,1.6176565,0.28481054
0.0023966047,1.6176021,0.2877105
0.0023607826,1.6175495,0.28555223
0.0023597935,1.617499,0.28549236
0.0023754216,1.6174498,0.28643617
0.0023453105,1.6174016,0.2846149
0.0023768342,1.6173564,0.28652132
0.0023445,1.6173141,0.28456575
0.0023555215,1.6172726,0.28523386
0.00235681,1.6172289,0.28531182
0.0023412958,1.617187,0.28437126
0.0023705477,1.6171464,0.28614217
0.0023292208,1.6171072,0.28363696
0.0023479615,1.6170682,0.28477576
0.0023258058,1.6170305,0.28342897
0.0023070879,1.6169957,0.28228617
0.0023386648,1.6169622,0.28421137
0.0023177154,1.6169279,0.28293556
0.0023516591,1.6168917,0.2849999
0.0023411843,1.6168549,0.28436446
0.0023391962,1.6168195,0.28424367
0.0023441855,1.6167867,0.28454664
0.0023030227,1.616758,0.28203732
0.0023147776,1.6167307,0.2827562
0.0022999896,1.6167032,0.28185156
0.0023105447,1.6166788,0.28249756
0.002323246,1.616652,0.28327292
0.0023137496,1.6166273,0.28269342
0.0023448113,1.6166012,0.28458464
0.002316387,1.6165725,0.2828545
0.0023262233,1.6165447,0.28345442
0.0023091987,1.6165144,0.28241524
0.0022934994,1.6164854,0.2814536
0.002316462,1.6164564,0.28285906
0.0022852912,1.6164283,0.28094953
0.0023174682,1.6164017,0.2829205
0.0023008059,1.6163769,0.28190157
0.0023109403,1.6163527,0.28252172
0.0023162684,1.6163316,0.28284726
0.0022843932,1.6163129,0.2808943
0.0023102064,1.6162972,0.28247687
0.002277156,1.6162801,0.280449
0.0022922338,1.6162626,0.28137597
0.002290548,1.6162437,0.28127244
0.0022902195,1.6162251,0.2812523
0.0023045423,1.6162069,0.2821304
0.0022947085,1.6161894,0.2815278
0.0022940834,1.6161723,0.28148943
0.0022868642,1.6161556,0.2810462
0.0022741535,1.6161412,0.28026405
0.0022829138,1.616126,0.28080332
0.00226792,1.6161112,0.2798797
0.002288242,1.6161001,0.28113085
0.0022732317,1.6160914,0.28020725
0.002290207,1.6160841,0.28125152
0.002266664,1.6160778,0.27980217
0.002272774,1.6160707,0.28017905
0.0022519468,1.6160629,0.27889234
0.0022572645,1.616057,0.27922142
0.0022628307,1.6160506,0.27956548
0.0022687435,1.616046,0.2799305
0.0022812816,1.6160436,0.28070295
0.0022637297,1.616041,0.279621
0.0022683186,1.6160406,0.27990428
0.0022361162,1.616042,0.27791032
0.0022547427,1.6160442,0.2790654
0.0022299583,1.6160455,0.27752742
0.0022527475,1.6160479,0.27894193
0.0022492476,1.6160462,0.27872515
0.0022514483,1.6160434,0.2788615
0.0022546886,1.6160479,0.27906206
0.0022352317,1.6160516,0.27785537
0.002249267,1.6160561,0.27872634
0.0022193508,1.6160619,0.27686656
0.0022514495,1.6160681,0.27886152
0.0022011856,1.6160756,0.27573115
0.002259141,1.6160812,0.2793375
0.002204671,1.6160886,0.2759494
0.0022635974,1.6160955,0.27961287
0.0022175242,1.616106,0.2767526
0.0022526283,1.6161174,0.27893454
0.0022266833,1.616133,0.27732354
0.0022284372,1.6161507,0.27743274
0.0022371644,1.6161703,0.27797547
0.00220386,1.6161861,0.27589858
0.0022494781,1.616201,0.27873942
0.0022019132,1.6162193,0.2757767
0.0022596768,1.616239,0.27937058
0.0022023334,1.6162562,0.27580306
0.0022486388,1.6162739,0.27868742
0.002197772,1.6162901,0.27551728
0.002224148,1.6163077,0.27716562
0.0022032342,1.6163256,0.27585942
0.0022099717,1.616344,0.2762809
0.0022073898,1.6163623,0.27611944
0.002197865,1.6163831,0.2755231
0.0022011052,1.6164054,0.27572614
0.002193573,1.6164289,0.27525395
0.0021898393,1.616453,0.2750196
0.002192949,1.6164763,0.2752148
0.0021968577,1.6165007,0.27545995
0.0021980412,1.6165262,0.27553412
0.0021846762,1.616552,0.2746952
0.002182633,1.6165768,0.2745667
0.0021751826,1.6166018,0.27409768
0.002168641,1.6166241,0.27368522
0.002175015,1.6166466,0.27408713
0.0021708964,1.6166703,0.2738275
0.002188794,1.616695,0.27495393
0.0021783253,1.6167234,0.27429563
0.0021940365,1.6167529,0.275283
0.002159023,1.616781,0.27307764
0.0021646626,1.6168094,0.27343407
0.0021513083,1.6168411,0.27258933
0.0021566327,1.6168729,0.27292645
0.002178131,1.6169041,0.27428338
0.002172489,1.6169347,0.27392793
0.002188415,1.6169662,0.27493015
0.0021508364,1.6169977,0.2725594
0.002158849,1.617031,0.27306664
0.0021121148,1.6170654,0.2700948
0.0021575065,1.6171002,0.27298173
0.0021354915,1.617136,0.27158543
0.0021950623,1.6171727,0.27534735
0.0021573685,1.6172106,0.272973
0.002182945,1.6172478,0.27458632
0.0021459954,1.6172866,0.27225253
0.0021388335,1.6173245,0.27179787
0.0021171437,1.6173614,0.27041617
0.0021272213,1.6173972,0.27105904
0.002132066,1.6174324,0.27136752
0.0021661355,1.6174685,0.2735271
0.002151536,1.6175048,0.27260375
0.0021576763,1.6175439,0.27299246
0.0021230087,1.6175869,0.2707905
0.0021104747,1.617629,0.26998994
0.0021085157,1.617674,0.26986462
0.002104003,1.6177224,0.2695757
0.0021297832,1.6177709,0.27122217
0.002118932,1.6178175,0.27053037
0.0021501684,1.6178644,0.27251709
0.002095819,1.6179098,0.26905087
0.0021393732,1.6179556,0.2718321
0.0020633528,1.6180058,0.2669588
0.0021464592,1.6180549,0.27228191
0.0020672688,1.6181055,0.26721203
0.0021639622,1.6181588,0.27338982
0.0020746922,1.6182127,0.26769134
0.0021607867,1.6182702,0.27318913
0.0020576664,1.6183289,0.2665907
0.002138034,1.6183925,0.27174705
0.0020342122,1.6184555,0.265067
0.0021545652,1.6185144,0.2727956
0.0020348781,1.6185775,0.26511034
0.0021846916,1.6186404,0.2746962
0.0020177634,1.6187034,0.26399314
0.002205859,1.6187652,0.27602372
0.0019894033,1.6188247,0.26213133
0.0022472178,1.6188868,0.27859935
0.001954505,1.6189474,0.259822
0.0023285868,1.6190032,0.28359836
0.0019192579,1.6190565,0.25746855
0.0024274923,1.619112,0.2895586
0.0018795572,1.619168,0.2547917
0.002566741,1.6192237,0.2977478
0.0018681678,1.6192846,0.25401857
0.0026978012,1.6193451,0.3052548
0.0018721065,1.6194074,0.25428623
0.0026490837,1.6194718,0.30248603
0.0018699409,1.6195363,0.2541391
0.002373978,1.6195993,0.28634912
0.0019458852,1.6196638,0.25924844
0.0020748174,1.6197281,0.26769945
0.0021534138,1.6197968,0.2727227
0.0019210854,1.6198651,0.25759107
0.0023385845,1.619934,0.2842065
0.0018846245,1.6200047,0.25513494
0.002340586,1.6200773,0.2843281
0.0019075165,1.6201477,0.25667977
0.002174475,1.62022,0.2740531
0.0019966385,1.6202904,0.26260757
0.002000376,1.6203563,0.26285324
0.0021496944,1.6204255,0.27248704
0.0019249637,1.6204948,0.25785097
0.0022644997,1.6205641,0.27966857
0.001910161,1.6206318,0.25685763
0.0022192243,1.6206995,0.27685866
0.0019304914,1.6207685,0.25822094
0.002079593,1.6208427,0.26800734
0.0020255418,1.6209168,0.26450148
0.0019813566,1.6209908,0.26160067
0.002133213,1.6210662,0.27144048
0.0019299584,1.621142,0.25818527
0.0021699024,1.6212151,0.27376482
0.0019223869,1.6212909,0.25767833
0.0021164594,1.6213704,0.27037248
0.0019651167,1.6214496,0.26052636
0.0020337333,1.6215296,0.26503578
0.0020518142,1.6216089,0.26621133
0.0019761373,1.6216892,0.2612559
0.0021006537,1.6217685,0.269361
0.0019389014,1.6218468,0.25878277
0.0020852752,1.6219238,0.26837322
0.0019396637,1.6220021,0.25883362
0.0020437478,1.6220839,0.26568753
0.0019915462,1.6221693,0.26227248
0.0020022006,1.6222558,0.2629731
0.0020367133,1.6223444,0.26522988
0.001961775,1.622439,0.26030478
0.0020440107,1.6225319,0.2657046
0.001933733,1.6226245,0.25843763
0.0020384986,1.6227175,0.26534614
0.0019489013,1.6228125,0.25944924
0.0020331766,1.6229032,0.26499948
0.0019804994,1.6229937,0.26154405
0.002003001,1.623082,0.26302564
0.0019988602,1.6231701,0.2627536
0.0019583364,1.623258,0.26007655
0.0020105843,1.6233456,0.26352307
0.0019348855,1.6234312,0.25851464
0.002021967,1.6235187,0.26426798
0.0019290898,1.6236029,0.25812715
0.002029681,1.6236808,0.2647716
0.0019438916,1.6237625,0.2591156
0.002019708,1.6238422,0.2641203
0.001959036,1.6239233,0.26012298
0.0019858717,1.6240044,0.26189855
0.0019654045,1.6240842,0.26054546
0.0019441484,1.6241661,0.25913268
0.0019888424,1.6242474,0.26209438
0.0019372534,1.6243287,0.2586728
0.0020117194,1.6244122,0.26359743
0.0019283714,1.6244987,0.2580791
0.0020010236,1.6245857,0.26289576
0.0019027254,1.6246759,0.25635722
0.001997292,1.6247665,0.26265055
0.0019044465,1.6248581,0.25647315
0.0020083098,1.6249483,0.263374
0.0019256528,1.6250379,0.25789714
0.0019946545,1.6251293,0.26247707
0.0019259199,1.62522,0.25791502
0.001959179,1.6253104,0.2601325
0.0019315194,1.625397,0.2582897
0.0019318347,1.6254808,0.25831077
0.0019480104,1.6255673,0.25938994
0.0019223044,1.6256557,0.25767282
0.0019621958,1.6257436,0.26033267
0.0019159035,1.6258317,0.25724345
0.001971018,1.6259222,0.26091725
0.0019142682,1.6260152,0.25713363
0.0019757343,1.6261089,0.26122925
0.0018991499,1.6262069,0.25611624
0.0019650797,1.6263078,0.26052392
0.0019028835,1.6264099,0.25636786
0.0019617067,1.6265129,0.26030022
0.0019073028,1.6266233,0.2566654
0.0019411098,1.6267318,0.25893012
0.0018993185,1.6268437,0.25612763
0.001920492,1.6269547,0.2575513
0.0018978536,1.627067,0.25602883
0.0019228972,1.6271791,0.2577125
0.001920973,1.6272937,0.25758356
0.0019281073,1.6274083,0.25806144
0.0019247181,1.6275233,0.25783452
0.001894759,1.6276405,0.25582
0.0019113732,1.627759,0.25693914
0.0018762774,1.6278757,0.2545693
0.0019262746,1.6279905,0.25793877
0.0018784514,1.6281068,0.25471675
0.0019497994,1.6282207,0.25950903
0.0018739466,1.6283319,0.25441113
0.001941292,1.6284422,0.25894225
0.0018600834,1.6285558,0.25346833
0.0019247136,1.628672,0.25783423
0.0018476949,1.6287849,0.25262287
0.0019247317,1.6288992,0.25783545
0.0018513392,1.6290146,0.25287187
0.0019269293,1.6291299,0.25798258
0.0018496624,1.629242,0.25275734
0.0019297967,1.6293559,0.25817448
0.0018455521,1.6294693,0.25247633
0.0019412702,1.6295873,0.25894082
0.0018317797,1.629707,0.25153252
0.0019552452,1.6298225,0.25987118
0.0017956769,1.6299365,0.24904144
0.001973813,1.6300528,0.26110217
0.001769155,1.6301659,0.24719544
0.0020405392,1.6302786,0.26547888
0.0017480727,1.630392,0.24571815
0.0021464394,1.6305022,0.27228072
0.0017085279,1.6306145,0.24292295
0.002270199,1.6307287,0.28002027
0.0016750717,1.6308467,0.24053274
0.0024638113,1.630958,0.29171667
0.0016860033,1.631066,0.24131635
0.002588544,1.6311765,0.29900968
0.0016849618,1.6312884,0.24124178
0.002402642,1.6314015,0.28807265
0.0016832846,1.631515,0.2411217
0.0019967984,1.6316323,0.2626181
0.0018445916,1.6317505,0.25241062
0.0017436084,1.6318665,0.24540421
0.0021520995,1.6319808,0.27263945
0.0016910464,1.6321,0.24167697
0.0022476132,1.63222,0.27862385
0.0016824866,1.632341,0.24106452
0.0020292718,1.6324606,0.26474494
0.0017585095,1.6325806,0.2464506
0.0017915595,1.6327006,0.24875575
0.001970529,1.6328238,0.2608849
0.0017203952,1.6329418,0.24376515
0.0021038752,1.6330601,0.2695675
0.0017112775,1.633179,0.24311835
0.0019749722,1.6332997,0.26117885
0.001751144,1.6334192,0.24593392
0.0017946479,1.633538,0.24897009
0.0018968786,1.6336573,0.25596306
0.0017371995,1.6337767,0.24495278
0.0020171702,1.6338954,0.2639543
0.0017461999,1.6340098,0.2455865
0.0019362264,1.6341251,0.2586042
0.001759013,1.6342386,0.24648589
0.0018055354,1.6343497,0.24972413
0.0018469146,1.6344602,0.2525695
0.001760073,1.6345725,0.24656013
0.0019284363,1.6346866,0.25808346
0.0017509273,1.6347997,0.24591869
0.0019046506,1.6349097,0.2564869
0.0017672024,1.6350187,0.24705899
0.001828248,1.6351265,0.25128993
0.0018205914,1.6352365,0.25076318
0.0017699486,1.6353486,0.24725087
0.0018733762,1.6354568,0.25437242
0.0017595327,1.635568,0.24652229
0.0018860914,1.6356778,0.2552342
0.0017732768,1.6357887,0.24748324
0.0018313068,1.6358974,0.25150004
0.0017909439,1.6360103,0.24871299
0.0017704935,1.6361217,0.24728893
0.001819949,1.6362371,0.25071892
0.0017609077,1.6363454,0.2466186
0.0018562014,1.6364508,0.25320372
0.0017754161,1.636559,0.24763247
0.0018415147,1.636671,0.2522
0.0017842145,1.6367816,0.24824531
0.0017903103,1.6368908,0.24866901
0.001794305,1.636997,0.2489463
0.0017665551,1.6371044,0.24701375
0.0018251655,1.6372188,0.25107798
0.0017716532,1.6373334,0.24736989
0.0018320071,1.6374457,0.25154814
0.0017631379,1.6375619,0.2467747
0.0018023618,1.6376842,0.24950457
0.0017658602,1.6378055,0.24696517
0.0017880274,1.637928,0.2485104
0.0017920688,1.6380541,0.24879111
0.0017703786,1.6381817,0.24728088
0.0018074282,1.6383092,0.24985501
0.0017373688,1.6384346,0.2449647
0.0018120067,1.638557,0.25017127
0.0017353847,1.6386783,0.24482478
0.0018117143,1.6388024,0.25015107
0.0017531064,1.6389261,0.24607168
0.0017869722,1.6390529,0.24843706
0.0017730799,1.6391801,0.24746947
0.0017471417,1.6393011,0.24565272
0.0017901332,1.6394252,0.2486567
0.0017293831,1.6395437,0.24440108
0.0018076084,1.6396612,0.24986747
0.0017433643,1.6397793,0.24538702
0.0018029679,1.6398965,0.2495465
0.0017419526,1.6400125,0.24528766
0.0017850797,1.6401217,0.24830548
0.0017366331,1.6402276,0.24491283
0.0017732852,1.6403321,0.24748383
0.0017390661,1.6404382,0.24508433
0.001770555,1.6405451,0.24729323
0.0017561538,1.6406521,0.24628547
0.0017605409,1.6407673,0.2465929
0.0017658718,1.6408821,0.24696597
0.0017329273,1.6409976,0.24465138
0.0017615465,1.6411141,0.24666332
0.001721896,1.6412346,0.24387145
0.0017748378,1.6413502,0.24759214
0.0017299392,1.6414659,0.24444036
0.0017766348,1.6415861,0.24771746
0.0017278251,1.6417084,0.24429098
0.0017653587,1.641824,0.24693006
0.0017219391,1.6419423,0.24387449
0.0017575518,1.6420604,0.24638347
0.0017233171,1.6421839,0.24397206
0.0017527244,1.6423109,0.24604489
0.0017300152,1.6424357,0.24444574
0.0017428678,1.6425614,0.24535207
0.0017405386,1.6426915,0.24518806
0.0017281942,1.6428198,0.24431704
0.0017468487,1.6429516,0.2456321
0.0017147226,1.6430852,0.24336295
0.0017543241,1.6432151,0.24615714
0.0017128546,1.6433446,0.24323034
0.0017624918,1.6434728,0.24672948
0.0016994675,1.643595,0.24227798
0.001761967,1.6437154,0.24669275
0.0016953414,1.6438339,0.2419837
0.0017713583,1.6439464,0.2473493
0.0016908044,1.6440583,0.24165966
0.0017762142,1.6441694,0.24768813
0.0016892089,1.6442825,0.24154563
0.001776887,1.6443949,0.24773501
0.001683122,1.6445104,0.24111006
0.0017738857,1.644631,0.24752572
0.0016651701,1.6447539,0.23982078
0.0017610143,1.6448857,0.24662605
0.001658249,1.645019,0.23932186
0.0017757871,1.6451548,0.24765834
0.001664234,1.6452867,0.23975337
0.0017937561,1.6454216,0.24890819
0.0016474212,1.6455531,0.23853925
0.0017920602,1.6456889,0.24879053
0.0016297125,1.6458201,0.23725371
0.0018064438,1.6459519,0.24978694
0.0016204728,1.64608,0.23658018
0.0018358958,1.6462117,0.25181496
0.0016060562,1.6463443,0.23552547
0.0018738477,1.6464745,0.2544044
0.0015817597,1.6466061,0.23373716
0.001914123,1.6467403,0.2571239
0.0015598922,1.6468732,0.23211585
0.0019749068,1.6470071,0.2611745
0.0015461163,1.6471393,0.23108864
0.0020389277,1.6472739,0.26537403
0.001542002,1.6474057,0.23078096
0.0020758156,1.6475405,0.26776382
0.0015353806,1.6476744,0.23028494
0.0020370283,1.647805,0.26525038
0.0015405344,1.6479336,0.23067112
0.0019193665,1.6480653,0.25747585
0.0015729829,1.6481992,0.2330878
0.0017709018,1.6483299,0.24731745
0.0016576039,1.6484599,0.23927532
0.0016664013,1.6485898,0.23990944
0.0017608418,1.6487216,0.24661398
0.0015965207,1.6488578,0.23482525
0.0018338113,1.6489881,0.25167194
0.0015630795,1.6491197,0.23235287
0.0018547446,1.6492524,0.25310433
0.0015671728,1.6493859,0.23265691
0.0018290037,1.6495143,0.25134185
0.0015883598,1.6496459,0.2342243
0.0017580531,1.6497728,0.24641861
0.0016281059,1.649902,0.23713675
0.0016838422,1.6500275,0.24116161
0.00168346,1.6501563,0.24113426
0.0016378765,1.6502801,0.23784722
0.0017343098,1.6503998,0.24474898
0.0016085083,1.6505198,0.2357052
0.0017595468,1.6506417,0.24652326
0.0015982249,1.6507671,0.23495053
0.001758964,1.6508898,0.24648243
0.0016086203,1.6510092,0.23571339
0.0017333482,1.6511284,0.24468109
0.0016238572,1.6512464,0.2368271
0.0017017054,1.6513629,0.24243745
0.0016450437,1.6514808,0.23836707
0.00167428,1.6515996,0.24047592
0.0016765636,1.6517147,0.24063984
0.0016523282,1.6518238,0.23889422
0.0016873236,1.6519383,0.24141079
0.0016313244,1.6520523,0.23737101
0.0016998379,1.6521649,0.24230437
0.001624556,1.6522812,0.2368781
0.0017035244,1.6523999,0.242567
0.001608242,1.6525195,0.23568568
0.0016953595,1.6526378,0.24198498
0.0016115833,1.6527584,0.23593038
0.0017044444,1.652877,0.24263248
0.0016294637,1.6529956,0.23723559
0.0016978551,1.653112,0.242163
0.0016133835,1.653229,0.23606212
0.001660433,1.6533507,0.2394794
0.0016173384,1.6534663,0.23635128
0.001666765,1.6535784,0.2399356
0.0016498124,1.6536866,0.2387123
0.0016615749,1.6537935,0.23956175
0.0016504918,1.6539016,0.23876145
0.0016293696,1.6540111,0.23722874
0.0016562948,1.6541197,0.23918083
0.0016253578,1.6542265,0.23693651
0.0016709322,1.6543357,0.24023534
0.0016134888,1.6544492,0.23606983
0.0016739854,1.6545637,0.24045475
0.0016013217,1.6546763,0.23517805
0.0016852674,1.6547894,0.24126366
0.0016047772,1.6549015,0.23543169
0.0017097873,1.6550127,0.24301246
0.0015932044,1.6551251,0.2345812
0.001709668,1.6552391,0.243004
0.001571723,1.6553555,0.2329944
0.0017179056,1.6554704,0.24358872
0.0015543189,1.6555915,0.23170082
0.0017392389,1.6557103,0.24509652
0.0015518813,1.655831,0.23151906
0.0017634433,1.6559521,0.24679609
0.0015387262,1.6560736,0.2305357
0.0017914986,1.6561947,0.24875152
0.0015233363,1.6563178,0.22937992
0.0018143631,1.6564438,0.25033385
0.0015023799,1.6565667,0.22779669
0.0018677715,1.6566894,0.25399163
0.0014961255,1.6568103,0.22732204
0.0019378972,1.656935,0.25871578
0.0014822341,1.657057,0.22626424
0.0019763173,1.657176,0.26126775
0.0014701675,1.6572969,0.22534136
0.0019685964,1.6574185,0.2607569
0.0014710638,1.6575403,0.22541004
0.0019076142,1.6576653,0.25668636
0.0014957343,1.65779,0.2272923
0.0017986209,1.6579165,0.2492455
0.0015506463,1.6580399,0.23142692
0.0016648093,1.6581649,0.2397948
0.0016174816,1.6582917,0.23636176
0.001561525,1.6584167,0.23223731
0.0016923582,1.6585422,0.2417707
0.0015319481,1.658668,0.23002738
0.0017513012,1.6587932,0.24594496
0.0015309836,1.6589167,0.22995496
0.0017410836,1.6590381,0.24522646
0.0015397907,1.6591644,0.23061542
0.0016814386,1.6592916,0.24098945
0.0015628611,1.6594187,0.23233664
0.0016299183,1.6595482,0.23726869
0.0016138592,1.6596781,0.23609693
0.0015974283,1.6598058,0.234892
0.0016509447,1.6599344,0.2387942
0.0015634254,1.6600572,0.23237859
0.0016666873,1.660177,0.23993002
0.0015514372,1.6603017,0.23148595
0.0016742873,1.6604191,0.24047641
0.0015544356,1.6605347,0.23170952
0.0016662284,1.6606477,0.23989698
0.001550355,1.6607622,0.23140518
0.00165307,1.660876,0.23894784
0.0015642111,1.660991,0.23243697
0.0016369964,1.6611055,0.2377833
0.0015861335,1.6612207,0.2340601
0.0016125453,1.661336,0.23600078
0.0015994743,1.661448,0.23504238
0.0015822384,1.6615591,0.23377252
0.0016245163,1.6616645,0.23687518
0.0015645248,1.6617641,0.23246028
0.0016468359,1.6618658,0.23849687
0.0015499884,1.6619662,0.23137783
0.0016682331,1.6620595,0.24004123
0.0015462557,1.6621541,0.23109904
0.0016781117,1.6622448,0.24075092
0.0015342626,1.6623421,0.23020108
0.0016741407,1.6624404,0.2404659
0.0015239168,1.6625433,0.22942363
0.0016805412,1.6626446,0.24092515
0.0015331017,1.662749,0.23011398
0.001682914,1.6628582,0.24109514
0.0015315216,1.662965,0.22999536
0.0016852815,1.6630788,0.24126467
0.0015230454,1.6631914,0.22935802
0.0016772503,1.6633037,0.24068911
0.0015161961,1.6634144,0.22884169
0.0016806317,1.663533,0.24093162
0.0015179099,1.6636466,0.22897103
0.0016866036,1.663759,0.2413593
0.0015183546,1.6638753,0.22900456
0.0016782687,1.6640004,0.24076217
0.0015091916,1.6641287,0.2283125
0.001665055,1.6642611,0.23981251
0.0015100248,1.6643964,0.22837551
0.001665819,1.6645293,0.23986751
0.0015158121,1.6646628,0.22881274
0.0016734465,1.6647977,0.24041604
0.0015105132,1.664928,0.22841246
0.0016804163,1.6650567,0.24091618
0.0015023464,1.6651845,0.22779414
0.0016919604,1.6653146,0.24174228
0.0014975625,1.665447,0.22743116
0.001716635,1.6655746,0.24349861
0.0014828896,1.6657021,0.22631428
0.0017420765,1.6658295,0.24529637
0.0014706098,1.6659534,0.22537526
0.001777879,1.6660713,0.24780416
0.0014613083,1.666188,0.2246614
0.0018134114,1.6663052,0.2502682
0.0014459677,1.66643,0.22347903
0.0018330925,1.6665527,0.25162265
0.0014320717,1.6666777,0.22240262
0.001858429,1.6668081,0.2533556
0.0014453252,1.6669296,0.2234294
0.0018446485,1.667053,0.2524145
0.0014397325,1.6671731,0.2229967
0.0017651161,1.6672895,0.24691312
0.0014481224,1.6674012,0.2236455
0.0016923171,1.6675079,0.24176775
0.0014995645,1.6676157,0.22758316
0.0016338896,1.667722,0.23755758
0.0015511895,1.6678321,0.23146747
0.0015539639,1.6679442,0.23167436
0.0015825295,1.6680592,0.23379403
0.0015034063,1.6681705,0.22787449
0.0016430345,1.6682789,0.23822144
0.0014911641,1.6683911,0.22694479
0.0016882168,1.668497,0.2414747
0.0014744897,1.6686004,0.22567236
0.0016841507,1.668705,0.2411837
0.0014683588,1.6688141,0.22520271
0.0016746818,1.6689283,0.24050476
0.0014900515,1.6690394,0.22686012
0.0016544207,1.669155,0.23904546
0.0015064746,1.669264,0.2281069
0.0016132728,1.6693703,0.23605403
0.001510773,1.6694754,0.22843209
0.0015806311,1.6695857,0.23365377
0.0015404411,1.6696953,0.23066413
0.0015561495,1.6698041,0.23183721
0.0015736303,1.6699184,0.23313573
0.0015406534,1.6700324,0.23068002
0.00158579,1.6701434,0.23403475
0.0015204299,1.6702552,0.229161
0.00159203,1.6703682,0.23449476
0.0015015001,1.6704777,0.22772996
0.001597651,1.6705816,0.23490836
0.0014971923,1.6706854,0.22740304
0.0016133952,1.6707923,0.23606299
0.0014950474,1.670905,0.2272401
0.0016380389,1.6710124,0.23785901
0.0014837538,1.6711133,0.22638021
0.0016421389,1.6712093,0.23815653
0.0014668052,1.671302,0.22508354
0.0016545345,1.671396,0.23905368
0.0014714199,1.6714876,0.22543731
0.0016834359,1.6715858,0.24113253
0.0014665519,1.6716912,0.2250641
0.0016830333,1.6717955,0.24110368
0.0014461679,1.6718998,0.22349451
0.0016926092,1.6720046,0.24178861
0.00145041,1.672108,0.22382206
0.0017158444,1.6722033,0.24344254
0.0014551141,1.6722964,0.2241847
0.001701066,1.6724013,0.24239188
0.0014363596,1.6725125,0.22273532
0.0016796078,1.6726291,0.2408582
0.0014458525,1.6727476,0.22347014
0.0016836761,1.6728661,0.24114974
0.0014614225,1.6729836,0.22467017
0.0016717191,1.6731063,0.24029192
0.0014602442,1.6732333,0.22457956
0.0016355664,1.6733644,0.23767945
0.0014616572,1.6734895,0.22468822
0.0016185985,1.673622,0.23644334
0.0014796627,1.673757,0.22606787
0.0016153331,1.6738864,0.23620471
0.0014915804,1.6740112,0.22697647
0.0015907611,1.6741384,0.23440129
0.0014929068,1.6742606,0.22707738
0.0015815841,1.6743854,0.23372418
0.0014978271,1.674512,0.22745126
0.0015659893,1.6746409,0.23256904
0.0015010476,1.6747632,0.22769567
0.0015543364,1.6748817,0.23170212
0.0015195181,1.6749939,0.22909227
0.0015610951,1.6751066,0.23220532
0.001521448,1.6752203,0.22923772
0.0015519651,1.6753364,0.2315253
0.0015119796,1.6754493,0.2285233
0.0015422114,1.6755605,0.23079662
0.0015116092,1.6756796,0.22849528
0.0015576761,1.6757971,0.23195094
0.0015148611,1.6759151,0.22874096
0.0015665068,1.6760318,0.23260747
0.0015001507,1.6761482,0.2276276
0.0015652659,1.6762713,0.23251534
0.0014876415,1.6764,0.22667657
0.0015843649,1.6765352,0.23392959
0.001474878,1.6766721,0.22570209
0.0016016628,1.6768062,0.23520312
0.0014580071,1.6769357,0.2244075
0.0016244043,1.6770569,0.23686701
0.0014362623,1.6771729,0.22272778
0.0016686565,1.6772931,0.2400717
0.0014203801,1.6774136,0.2214929
0.0017465171,1.6775316,0.2456088
0.0014039269,1.6776481,0.2202063
0.0018379394,1.6777655,0.2519551
0.0013747261,1.6778812,0.21790421
0.0019517248,1.6779977,0.25963715
0.0013775253,1.678108,0.21812594
0.002065801,1.6782156,0.26711714
0.0013867387,1.6783211,0.21885416
0.0020520904,1.6784315,0.26622924
0.001376025,1.6785381,0.21800713
0.0018383643,1.6786499,0.25198418
0.0014026541,1.67876,0.22010647
0.0015864861,1.6788689,0.23408611
0.0015512585,1.6789874,0.2314726
0.0014384942,1.6791011,0.22290078
0.001732237,1.6792182,0.24460267
0.0013867534,1.6793382,0.21885532
0.0017949445,1.6794542,0.24899064
0.0013856399,1.6795696,0.21876745
0.0017075238,1.6796776,0.24285156
0.001440441,1.6797867,0.22305156
0.0015564504,1.6798974,0.23185964
0.0015482254,1.68,0.2312462
0.0014471674,1.6801015,0.22357173
0.0016483841,1.6801997,0.23860894
0.0014154672,1.6802983,0.2211095
0.0016745474,1.6803906,0.2404951
0.0014397894,1.680477,0.22300111
0.001600496,1.6805717,0.23511742
0.0014933728,1.6806704,0.22711281
0.0015056531,1.6807758,0.22804469
0.0015755597,1.6808863,0.23327863
0.0014551923,1.680995,0.22419076
0.0016111906,1.6810981,0.23590165
0.0014434735,1.6812057,0.2232862
0.001591431,1.6813166,0.23445064
0.0014575069,1.6814308,0.22436897
0.0015335766,1.681548,0.23014961
0.0015004134,1.6816667,0.22764754
0.0014921807,1.6817882,0.22702214
0.001541002,1.6819082,0.23070611
0.0014674278,1.6820232,0.2251313
0.0015614469,1.6821324,0.2322315
0.0014716623,1.6822504,0.2254559
0.0015540572,1.6823643,0.23168132
0.0014799054,1.6824795,0.22608644
0.0015200599,1.6825877,0.22913313
0.0015016423,1.6826926,0.22774073
0.0014929741,1.6827986,0.22708249
0.0015314306,1.6829011,0.22998853
0.0014873985,1.6830038,0.22665808
0.0015444239,1.6831132,0.23096211
0.0014777966,1.6832143,0.22592528
0.0015416099,1.6833133,0.2307516
0.0014829584,1.6834091,0.2263195
0.0015281948,1.6834962,0.22974542
0.0014945745,1.6835879,0.22720416
0.0015083351,1.6836756,0.2282477
0.0014985406,1.683773,0.22750543
0.0014933754,1.6838719,0.22711302
0.0015200392,1.6839736,0.22913155
0.0014910701,1.6840785,0.22693762
0.0015334288,1.6841794,0.23013853
0.0014836696,1.6842828,0.22637376
0.0015301779,1.6843847,0.22989444
0.0014820005,1.6844832,0.22624639
0.0015201485,1.6845797,0.22913979
0.0014954975,1.6846672,0.2272743
0.0015220138,1.6847619,0.22928035
0.0015099196,1.6848576,0.22836758
0.0015055325,1.6849644,0.22803557
0.0015030332,1.6850735,0.2278462
0.0014976796,1.6851913,0.22744007
0.0015042985,1.6853136,0.22794208
0.0015019444,1.6854339,0.22776368
0.0015057247,1.6855536,0.22805013
0.001505222,1.6856767,0.22801204
0.0014986894,1.6857994,0.22751673
0.0015011459,1.6859198,0.22770311
0.0014816645,1.6860499,0.22622076
0.0014933605,1.6861802,0.22711188
0.0014803887,1.6863153,0.22612335
0.0015075488,1.6864514,0.2281882
0.0014858487,1.686587,0.22653994
0.0015093056,1.6867172,0.22832114
0.0014778391,1.6868412,0.22592853
0.0014930299,1.6869648,0.22708675
0.0014680432,1.6870806,0.22517851
0.0014953788,1.6872009,0.22726528
0.0014792689,1.687317,0.22603782
0.001508644,1.6874307,0.2282711
0.001479788,1.6875414,0.22607747
0.0015040289,1.6876537,0.22792165
0.0014694631,1.6877675,0.22528738
0.0014999358,1.6878755,0.22761132
0.0014787277,1.6879811,0.22599645
0.0015069225,1.6880906,0.22814082
0.0014917958,1.6881924,0.22699286
0.0014937933,1.6882946,0.2271448
0.001487167,1.6884087,0.22664043
0.0014810981,1.6885308,0.22617751
0.0014878452,1.6886599,0.2266921
0.0014798607,1.6887889,0.22608301
0.001511048,1.6889168,0.22845289
0.0014945209,1.689045,0.2272001
0.0015139953,1.6891744,0.22867557
0.0014766293,1.6893013,0.22583604
0.001493118,1.6894293,0.22709344
0.001465203,1.6895511,0.22496055
0.0015001247,1.6896809,0.22762564
0.0014669985,1.6898093,0.22509836
0.0015234608,1.6899369,0.2293893
0.0014609842,1.6900667,0.22463648
0.0015301328,1.6901888,0.22989106
0.0014348484,1.6903062,0.22261813
0.0015542085,1.6904311,0.23169258
0.0014127603,1.6905588,0.22089799
0.0015917899,1.6906854,0.23447707
0.0013810871,1.6908112,0.21840778
0.0016597463,1.6909329,0.23942989
0.0013596115,1.6910545,0.216703
0.0017610289,1.6911769,0.24662709
0.0013404826,1.6912938,0.21517317
0.0019012847,1.6914154,0.25626016
0.0013382141,1.691533,0.21499102
0.0020555363,1.6916524,0.26645267
0.0013515893,1.6917747,0.21606274
0.0021080698,1.6918981,0.26983607
0.0013429243,1.6920207,0.21536905
0.0019145587,1.6921402,0.25715318
0.0013465896,1.6922572,0.21566276
0.0015982239,1.6923715,0.23495048
0.0014847281,1.6924887,0.2264545
0.0013923945,1.6926024,0.21930002
0.0017000401,1.6927178,0.2423188
0.0013383704,1.6928319,0.21500356
0.0017745595,1.6929479,0.24757272
0.0013474716,1.6930574,0.21573336
0.0016470731,1.6931721,0.23851404
0.0014173548,1.6932837,0.22125688
0.0014681347,1.6933987,0.22518551
0.0015532225,1.69352,0.23161909
0.0013816961,1.6936401,0.21845591
0.0016493633,1.6937634,0.23867981
0.0013675105,1.6938776,0.21733157
0.001605659,1.6940004,0.23549634
0.0013985719,1.6941137,0.21978594
0.0015005025,1.694227,0.22765431
0.0014918422,1.6943384,0.22699639
0.0014293541,1.6944534,0.22219148
0.0015742889,1.6945618,0.23318455
0.0013967514,1.6946636,0.21964285
0.0015726235,1.6947646,0.23306115
0.001404539,1.6948712,0.2202543
0.0015209124,1.6949824,0.22919734
0.0014596146,1.6950936,0.22453116
0.001466267,1.6952075,0.22504224
0.0015123757,1.6953236,0.22855322
0.0014189112,1.6954396,0.22137833
0.0015200976,1.6955554,0.22913596
0.0014100104,1.6956743,0.2206829
0.0015152432,1.695791,0.2287698
0.001453283,1.6958991,0.22404364
0.0014919974,1.6960138,0.2270082
0.0014755141,1.6961253,0.22575076
0.0014492101,1.6962448,0.22372945
0.00148017,1.6963621,0.22610663
0.0014313862,1.6964749,0.22234939
0.0015021473,1.6965877,0.22777905
0.0014392305,1.6967,0.2229578
0.0015006352,1.6968077,0.22766435
0.0014423067,1.6969168,0.22319594
0.0014754406,1.6970237,0.22574513
0.0014547291,1.6971407,0.22415505
0.001459664,1.6972581,0.22453494
0.0014805607,1.6973779,0.22613648
0.0014542325,1.6975042,0.2241168
0.0014902266,1.6976304,0.22687346
0.0014418054,1.697757,0.22315717
0.0014855609,1.6978859,0.22651802
0.0014408489,1.6980116,0.22308314
0.001472724,1.6981257,0.2255372
0.0014541007,1.6982379,0.22410667
0.0014688609,1.6983547,0.22524121
0.001468782,1.6984705,0.22523515
0.0014651907,1.6985866,0.22495961
0.0014687009,1.698703,0.22522894
0.0014462763,1.698816,0.22350289
0.0014692547,1.6989253,0.2252714
0.0014485484,1.6990408,0.22367838
0.0014653644,1.6991564,0.22497298
0.0014554888,1.6992755,0.2242136
0.001464095,1.6993929,0.22487548
0.0014526797,1.6995168,0.22399713
0.0014646838,1.699635,0.2249207
0.0014513955,1.6997391,0.22389811
0.0014616129,1.6998578,0.22468479
0.0014520133,1.6999742,0.22394574
0.0014653016,1.7000911,0.22496815
0.0014631369,1.7002112,0.22480191
0.0014661181,1.7003272,0.22503081
0.0014652868,1.700444,0.224967
0.0014528335,1.700568,0.22400899
0.0014576482,1.7006927,0.22437987
0.0014529895,1.7008194,0.22402102
0.0014679139,1.7009472,0.22516857
0.0014563228,1.7010704,0.22427784
0.0014700359,1.7012058,0.22533128
0.0014621998,1.7013435,0.2247299
0.0014586214,1.7014656,0.22445473
0.0014555678,1.701589,0.22421968
0.001453513,1.7017134,0.22406137
0.0014671835,1.701835,0.22511256
0.0014622771,1.7019545,0.22473584
0.001465131,1.702066,0.22495504
0.0014489541,1.7021828,0.22370969
0.0014599889,1.7022985,0.22455993
0.0014407526,1.7024069,0.22307566
0.0014623484,1.7025157,0.22474132
0.0014445536,1.7026168,0.22336975
0.0014686554,1.7027199,0.22522546
0.0014446742,1.7028217,0.22337906
0.0014515895,1.702936,0.22391307
0.0014361507,1.7030574,0.22271915
0.0014517307,1.7031733,0.22392395
0.001448211,1.7032875,0.22365233
0.0014653857,1.7034075,0.2249746
0.0014542914,1.703535,0.22412135
0.0014582033,1.7036524,0.22442259
0.0014353095,1.7037607,0.22265388
0.0014622443,1.7038678,0.22473332
0.0014234295,1.7039737,0.22173053
0.001474644,1.7040731,0.22568417
0.0014193517,1.7041701,0.22141269
0.0014910446,1.7042646,0.22693571
0.0014234799,1.7043686,0.22173445
0.0014945272,1.7044711,0.22720058
0.0014021316,1.7045792,0.22006547
0.0014912888,1.704688,0.2269543
0.0013985018,1.7047967,0.21978043
0.001514783,1.7049068,0.22873506
0.0014023092,1.7050185,0.2200794
0.0015304072,1.7051302,0.22991167
0.0013854456,1.7052484,0.21875212
0.0015450666,1.7053689,0.23101018
0.001369676,1.7054929,0.21750359
0.001571029,1.7056096,0.23294295
0.0013538221,1.7057275,0.21624114
0.0016218061,1.7058462,0.23667751
0.0013399427,1.7059739,0.21512982
0.0016920556,1.7060966,0.24174906
0.0013184565,1.7062168,0.21339802
0.0017807288,1.7063308,0.2480027
0.0013044376,1.7064475,0.2122605
0.0018924589,1.7065579,0.2556647
0.001309094,1.7066764,0.21263902
0.0019455408,1.7068002,0.25922546
0.0013054512,1.7069277,0.21234295
0.0018573939,1.7070537,0.25328502
0.0013046251,1.707182,0.21227573
0.0016604016,1.707311,0.23947714
0.0013663461,1.7074393,0.21723904
0.0014589728,1.7075614,0.22448179
0.001487798,1.7076839,0.22668852
0.0013528359,1.7078091,0.21616237
0.0016333737,1.707928,0.23752005
0.0013263272,1.7080445,0.21403404
0.0016656411,1.7081714,0.23985471
0.0013272219,1.7082924,0.21410622
0.0015866816,1.7084105,0.2341005
0.0013685632,1.7085255,0.21741521
0.0014818485,1.7086338,0.22623481
0.001451577,1.7087452,0.2239121
0.0014010025,1.7088546,0.21997684
0.0015317673,1.7089643,0.23001382
0.0013623303,1.7090765,0.21691956
0.0015593772,1.7091907,0.23207752
0.001356735,1.7093047,0.21647365
0.0015300831,1.7094271,0.22988732
0.0013812282,1.7095484,0.21841891
0.001461004,1.7096741,0.22463799
0.0014207028,1.7097998,0.22151805
0.0014083559,1.7099344,0.22055338
0.0014797219,1.7100545,0.22607242
0.0013886176,1.7101638,0.21900237
0.0015003673,1.7102761,0.22764406
0.0013826521,1.7103951,0.21853146
0.0014840119,1.7105241,0.2263999
0.0013913742,1.710658,0.21921965
0.0014533566,1.7107869,0.22404931
0.0014239484,1.7109156,0.22177094
0.0014287867,1.7110438,0.22214739
0.0014487425,1.7111766,0.22369336
0.0014020215,1.7113116,0.22005683
0.0014601734,1.7114481,0.22457413
0.0013970989,1.7115694,0.21967018
0.0014705501,1.7116888,0.22537069
0.0014104898,1.7118164,0.22072041
0.0014618934,1.7119491,0.22470635
0.0014230631,1.712084,0.22170198
0.0014427103,1.7122121,0.22322717
0.0014217907,1.7123384,0.22160284
0.001421668,1.7124617,0.22159329
0.0014371761,1.7125818,0.22279863
0.0014257926,1.712699,0.2219145
0.0014523447,1.7128268,0.22397129
0.0014167324,1.7129574,0.2212083
0.0014376754,1.7130831,0.22283731
0.0014062023,1.7131994,0.22038469
0.0014349415,1.713318,0.22262536
0.0014189894,1.7134295,0.22138444
0.0014336347,1.7135417,0.22252394
0.0014229403,1.7136475,0.22169243
